unique_id,date,year,time,payment_method,amount,bought_points,country,data_obtained,acct_total,first_purchase,item_bought
1,Jun-04,2020, 12:21 PM,Credit/Debit card-A,12.98,975,Singapore,100.00%,310.74,1,
1,Jun-04,2020, 12:22 PM,Credit/Debit card-A,6.98,500,Singapore,,,,
1,Jul-24,2020, 5:48 PM,codapay-grabpay-sgp,25.98,1975,Singapore,,,,
1,Jul-30,2020, 5:38 PM,codapay-grabpay-sgp,25.98,1975,Singapore,,,,
1,Oct-04,2020, 3:45 PM,codapay-grabpay-sgp,25.98,1975,Singapore,,,,
1,Jul-22,2021, 9:06 PM,Credit/Debit card-A,12.98,975,Singapore,,,,
1,Jul-23,2021, 6:26 PM,Credit/Debit card-A,25.98,1975,Singapore,,,,
1,Mar-02,2022, 11:05 PM,codapay-grabpay-sgp,12.98,975,Singapore,,,,
1,Mar-25,2022, 10:15 AM,codapay-grabpay-sgp,25.98,1975,Singapore,,,,
1,Apr-07,2022, 10:08 AM,codapay-grabpay-sgp,25.98,1975,Singapore,,,,
1,May-23,2022, 10:18 PM,codapay-grabpay-sgp,6.98,500,Singapore,,,,
1,Jun-23,2022, 5:52 PM,codapay-grabpay-sgp,12.98,975,Singapore,,,,
1,Aug-25,2022, 9:18 PM,codapay-grabpay-sgp,88.98,7000,Singapore,,,,
2,Jul-06,2020, 8:49 PM,Credit/Debit card-A,6.98,500,Singapore,100.00%,496.64,1,
2,Jul-06,2020, 8:50 PM,Credit/Debit card-A,6.98,500,Singapore,,,,
2,Aug-05,2020, 6:44 PM,Credit/Debit card-A,6.98,500,Singapore,,,,
2,Aug-05,2020, 6:45 PM,Credit/Debit card-A,6.98,500,Singapore,,,,
2,Aug-23,2020, 3:50 PM,codapay-grabpay-sgp,45.98,3550,Singapore,,,,
2,Dec-28,2020, 10:01 PM,Credit/Debit card-A,45.98,3550,Singapore,,,,
2,Jan-19,2021, 9:09 PM,Credit/Debit card-A,12.98,975,Singapore,,,,
2,Feb-04,2021, 7:13 AM,Credit/Debit card-A,45.98,3550,Singapore,,,,
2,Jun-01,2021, 11:43 PM,Credit/Debit card-A,25.98,1975,Singapore,,,,
2,Jun-15,2021, 7:17 PM,Credit/Debit card-A,25.98,1975,Singapore,,,,
2,Jun-18,2021, 1:44 AM,Credit/Debit card-A,6.98,500,Singapore,,,,
2,Jun-30,2021, 11:14 PM,Credit/Debit card-A,12.98,975,Singapore,,,,
2,Jul-05,2021, 3:59 AM,Credit/Debit card-A,25.98,1975,Singapore,,,,
2,Oct-28,2021, 5:08 AM,Credit/Debit card-A,25.98,1975,Singapore,,,,
2,Apr-17,2022, 2:13 PM,Credit/Debit card-A,25.98,1975,Singapore,,,,
2,Apr-28,2022, 12:02 PM,Credit/Debit card-A,128.98,10500,Singapore,,,,
2,Jul-02,2022, 1:36 PM,Credit/Debit card-A,12.98,975,Singapore,,,,
2,Aug-23,2022, 8:03 AM,Credit/Debit card-A,25.98,1975,Singapore,,,,
3,Aug-06,2022, 4:19 AM,Credit/Debit card-A,88.98,7000,Singapore,100.00%,217.96,1,
3,Aug-11,2022, 1:34 PM,Credit/Debit card-A,128.98,10500,Singapore,,,,
4,Jun-12,2020, 4:08 PM,Credit/Debit card-A,25.98,1975,Singapore,100.00%,435.66,1,
4,Jun-15,2020, 9:55 AM,Credit/Debit card-A,45.98,3550,Singapore,,,,
4,Jun-22,2020, 10:09 PM,Credit/Debit card-A,25.98,1975,Singapore,,,,
4,Jun-26,2020, 1:35 AM,Credit/Debit card-A,6.98,500,Singapore,,,,
4,Jul-12,2020, 1:52 PM,Credit/Debit card-A,45.98,3550,Singapore,,,,
4,Jul-23,2020, 5:44 PM,Credit/Debit card-A,12.98,975,Singapore,,,,
4,Aug-05,2020, 12:31 PM,Credit/Debit card-A,12.98,975,Singapore,,,,
4,Nov-11,2020, 8:22 PM,Credit/Debit card-A,25.98,1975,Singapore,,,,
4,Dec-13,2020, 12:49 PM,Credit/Debit card-A,12.98,975,Singapore,,,,
4,Feb-04,2021, 9:31 PM,Credit/Debit card-A,45.98,3550,Singapore,,,,
4,Mar-03,2021, 9:12 PM,Credit/Debit card-A,12.98,975,Singapore,,,,
4,Jun-23,2021, 8:37 PM,Credit/Debit card-A,12.98,975,Singapore,,,,
4,Jul-24,2021, 10:50 PM,Credit/Debit card-A,25.98,1975,Singapore,,,,
4,Nov-17,2021, 11:15 PM,Credit/Debit card-A,12.98,975,Singapore,,,,
4,Jan-12,2022, 1:59 PM,Credit/Debit card-A,12.98,975,Singapore,,,,
4,Aug-11,2022, 1:03 PM,Credit/Debit card-A,88.98,7000,Singapore,,,,
4,Aug-11,2022, 1:04 PM,Credit/Debit card-A,6.98,500,Singapore,,,,
5,Dec-26,2020, 3:21 AM,Credit/Debit card-A,6.98,500,Singapore,100.00%,237.9,1,
5,Dec-26,2020, 3:23 AM,Credit/Debit card-A,6.98,500,Singapore,,,,
5,Feb-02,2021, 8:47 PM,Credit/Debit card-A,88.98,7000,Singapore,,,,
5,Jul-02,2021, 10:32 PM,Credit/Debit card-A,45.98,3550,Singapore,,,,
5,Aug-11,2022, 11:33 PM,Credit/Debit card-A,88.98,7000,Singapore,,,,
6,Jul-06,2020, 11:52 PM,Credit/Debit card-A,25.98,1975,Singapore,100.00%,425.74,1,
6,Aug-10,2020, 12:56 AM,codapay-grabpay-sgp,12.98,975,Singapore,,,,
6,Sep-01,2020, 10:55 PM,codapay-grabpay-sgp,25.98,1975,Singapore,,,,
6,Oct-22,2020, 4:09 PM,codapay-grabpay-sgp,6.98,500,Singapore,,,,
6,Nov-11,2020, 2:14 PM,Credit/Debit card-A,25.98,1975,Singapore,,,,
6,Dec-25,2020, 7:51 PM,codashop,25.98,1975,Singapore,,,,
6,Dec-25,2020, 9:52 PM,codashop,12.98,975,Singapore,,,,
6,Feb-04,2021, 9:52 PM,Credit/Debit card-A,88.98,7000,Singapore,,,,
6,Jun-17,2021, 12:06 AM,Credit/Debit card-A,12.98,975,Singapore,,,,
6,Jun-23,2021, 10:20 PM,Credit/Debit card-A,25.98,1975,Singapore,,,,
6,Oct-07,2021, 5:47 PM,codapay-grabpay-sgp,25.98,1975,Singapore,,,,
6,Jun-23,2022, 5:10 PM,codapay-grabpay-sgp,45.98,3550,Singapore,,,,
6,Aug-11,2022, 7:40 PM,codapay-grabpay-sgp,88.98,7000,Singapore,,,,
7,Jul-25,2022, 10:31 PM,codapay-grabpay-sgp,128.98,10500,Singapore,100.00%,217.96,1,
7,Aug-16,2022, 11:49 PM,codapay-grabpay-sgp,88.98,7000,Singapore,,,,
8,Aug-05,2020, 10:06 AM,Credit/Debit card-A,6.98,500,Singapore,100.00%,433.72,1,
8,Aug-05,2020, 10:07 AM,Credit/Debit card-A,6.98,500,Singapore,,,,
8,Sep-18,2020, 8:45 AM,Credit/Debit card-A,45.98,3550,Singapore,,,,
8,Jun-28,2021, 9:24 PM,Credit/Debit card-A,45.98,3550,Singapore,,,,
8,Aug-21,2021, 3:53 AM,Credit/Debit card-A,45.98,3550,Singapore,,,,
8,Sep-22,2021, 8:05 AM,Credit/Debit card-A,45.98,3550,Singapore,,,,
8,Oct-07,2021, 7:03 PM,Credit/Debit card-A,12.98,975,Singapore,,,,
8,Feb-08,2022, 12:13 AM,Credit/Debit card-A,12.98,975,Singapore,,,,
8,Feb-25,2022, 6:12 PM,Credit/Debit card-A,45.98,3550,Singapore,,,,
8,Apr-03,2022, 9:42 AM,Credit/Debit card-A,45.98,3550,Singapore,,,,
8,Apr-04,2022, 10:31 AM,Credit/Debit card-A,12.98,975,Singapore,,,,
8,Apr-18,2022, 5:25 PM,Credit/Debit card-A,45.98,3550,Singapore,,,,
8,Apr-28,2022, 4:29 PM,Credit/Debit card-A,45.98,3550,Singapore,,,,
8,Apr-28,2022, 4:57 PM,Credit/Debit card-A,12.98,975,Singapore,,,,
9,Oct-24,2020, 2:45 AM,GCash,1250,3600,Philippines,,,1,
9,Oct-31,2020, 4:31 AM,codashop,300,790,Philippines,,,,
9,Nov-01,2020, 2:40 PM,Credit/Debit card-A,1250,3600,Philippines,,,,
9,Nov-07,2020, 3:02 AM,codashop,300,790,Philippines,,,,
9,Nov-25,2020, 4:15 PM,codashop,300,790,Philippines,,,,
9,Nov-25,2020, 4:15 PM,codashop,50,125,Philippines,,,,
9,Nov-25,2020, 4:15 PM,codashop,50,125,Philippines,,,,
9,Nov-25,2020, 4:30 PM,GCash,1250,3600,Philippines,,,,
9,Dec-04,2020, 9.30 AM,GCash,749,2100,Philippines,,,,
10,Jul-28,2021, 11:54 AM,Credit/Debit card-A,128.98,10500,Singapore,66.68%,371.68,1,
10,Jul-28,2021, 12:03 PM,Credit/Debit card-A,12.98,975,Singapore,,,,
10,Jul-28,2021, 12:03 PM,Credit/Debit card-A,6.98,500,Singapore,,,,
10,Aug-16,2021, 8:18 AM,Credit/Debit card-A,45.98,3550,Singapore,,,,
10,Aug-16,2021, 8:18 AM,Credit/Debit card-A,12.98,975,Singapore,,,,
10,Aug-18,2021, 10:57 AM,Credit/Debit card-A,12.98,975,Singapore,,,,
10,Aug-18,2021, 10:57 AM,Credit/Debit card-A,6.98,500,Singapore,,,,
10,Aug-31,2021, 3:10 AM,Credit/Debit card-A,12.98,975,Singapore,,,,
10,Aug-31,2021, 3:10 AM,Credit/Debit card-A,6.98,500,Singapore,,,,
11,Apr-10,2020, 9:48 PM,Credit/Debit card,10.61,1000,United States,100.00%,605.47,1,
11,Apr-23,2020, 9:55 PM,Paypal,5.3,475,United States,,,,
11,May-01,2020, 7:29 PM,Credit/Debit card,106.24,11000,United States,,,,
11,Jul-11,2020, 12:30 PM,Credit/Debit card,53.11,5350,United States,,,,
11,Jul-22,2020, 6:07 PM,Credit/Debit card,10.61,1000,United States,,,,
11,Aug-02,2020, 2:25 PM,Credit/Debit card,53.11,5350,United States,,,,
11,Aug-04,2020, 12:38 PM,Credit/Debit card,106.24,11000,United States,,,,
11,Aug-29,2020, 7:57 PM,Credit/Debit card,10.61,1000,United States,,,,
11,Sep-29,2020, 7:10 PM,Paypal,53.11,5350,United States,,,,
11,Oct-13,2020, 5:12 PM,Credit/Debit card,106.24,11000,United States,,,,
11,Nov-03,2020, 11:54 PM,Credit/Debit card,53.11,5350,United States,,,,
11,Jan-10,2021, 9:09 PM,Paypal,37.18,3650,United States,,,,
12,Feb-26,2021, 8:49 PM,Credit/Debit card-A,25.98,1975,Singapore,6.57%,2052.14,1,
12,Feb-26,2021, 8:50 PM,Credit/Debit card-A,6.98,500,Singapore,,,,
12,Mar-03,2021, 3:57 PM,Credit/Debit card-A,88.98,7000,Singapore,,,,
12,Mar-03,2021, 3:59 PM,Credit/Debit card-A,12.98,975,Singapore,,,,
13,May-28,2021, 9:53 PM,Paypal,9.99,1050,United Kingdom,84.11%,84.97,1,
13,May-31,2021, 1:04 AM,Paypal,19.99,2150,United Kingdom,,,,
13,Jun-05,2021, 9:58 AM,Paypal,9.99,1050,United Kingdom,,,,
13,Feb-17,2022, 9:23 AM,Paypal,9,1050,United Kingdom,,,,
13,Feb-18,2022, 9:21 AM,Paypal,18,2150,United Kingdom,,,,
13,Feb-18,2022, 9:26 AM,Paypal,4.5,500,United Kingdom,,,,
14,Nov-29,2021, 1:51 PM,codashop,100,3400,Malaysia,100.00%,440,1,
14,Dec-04,2021, 9:50 PM,codashop,20,625,Malaysia,,,,
14,Dec-18,2021, 9:07 PM,codashop,100,3400,Malaysia,,,,
14,Jan-12,2022, 3:45 PM,codashop,100,3400,Malaysia,,,,
14,Jan-12,2022, 7:18 PM,codashop,20,625,Malaysia,,,,
14,Jan-28,2022, 1:06 PM,codashop,100,3400,Malaysia,,,,
15,Jun-09,2020, 12:34 AM,Credit/Debit card-A,21.99,2050,Europe,,,1,
15,Jun-09,2020, 12:39 AM,Credit/Debit card-A,5.49,475,Europe,,,,
15,Jul-05,2020, 4:38 PM,Credit/Debit card-A,5.49,475,Europe,,,,
15,Aug-05,2020, 11:43 PM,Credit/Debit card-A,11.99,1000,Europe,,,,
15,Jan-16,2021, 9:31 PM,Credit/Debit card-A,11.99,1000,Europe,,,,
15,Nov-18,2021, 12:23 AM,Paypal,10,1000,Europe,,,,
16,Nov-11,2020, 7:22 PM,Paypal,5.49,475,Europe,53.60%,118.44,1,
16,Nov-11,2020, 7:23 PM,Paypal,5.49,475,Europe,,,,
16,Feb-09,2021, 5:34 PM,Riot PIN code,20,2050,Europe,,,,
16,Feb-09,2021, 5:34 PM,Riot PIN code,5,475,Europe,,,,
16,Mar-04,2021, 6:55 PM,Riot PIN code,20,2050,Europe,,,,
16,Mar-04,2021, 6:56 PM,Riot PIN code,5,475,Europe,,,,
17,Jun-02,2020, 5:05 PM,GCash,499,1350,Philippines,32.55%,28946,1,
17,Jun-04,2020, 12:52 PM,GCash,2490,7500,Philippines,,,,
17,Jul-14,2020, 12:16 PM,GCash,2490,7500,Philippines,,,,
17,Jul-14,2020, 12:17 PM,GCash,749,2100,Philippines,,,,
17,Jul-14,2020, 12:18 PM,GCash,149,375,Philippines,,,,
17,Jul-25,2020, 3:10 PM,GCash,749,2100,Philippines,,,,
17,Aug-05,2020, 10:57 AM,GCash,499,1350,Philippines,,,,
17,Nov-04,2020, 1:26 PM,Credit/Debit card-A,249,650,Philippines,,,,
17,Nov-04,2020, 1:27 PM,Credit/Debit card-A,149,375,Philippines,,,,
17,Jan-25,2021, 5:35 PM,GCash,1250,3600,Philippines,,,,
17,Jan-25,2021, 5:39 PM,GCash,149,375,Philippines,,,,
18,Aug-23,2020, 8:09 PM,Credit/Debit card-A,10.79,1000,United States,,,1,
18,Aug-23,2020, 9:19 PM,Credit/Debit card-A,53.99,5350,United States,,,,
18,Oct-09,2020, 9:35 PM,Credit/Debit card-A,21.59,2050,United States,,,,
19,May-11,2020, 6:51PM,Paypal,99.99,11000,Europe,SKEWED,,1,
19,May-12,2020, 6:59PM,Paypal,99.99,11000,Europe,,,,
19,May-14,2020, 12:02 AM,Paypal,99.99,11000,Europe,,,,
19,May-14,2020, 12:06 AM,Paypal,21.99,2050,Europe,,,,
19,May-18,2020, 3:46 PM,Paypal,99.99,11000,Europe,,,,
19,May-19,2020, 2:25 PM,Paypal,53.99,5350,Europe,,,,
19,May-19,2020, 2:25 PM,Paypal,5.49,475,Europe,,,,
20,Jun-09,2020, 10:11 AM,Credit/Debit card-A,25.98,1975,Singapore,100.00%,235.88,1,
20,Jul-06,2020, 4:03 PM,Credit/Debit card-A,45.98,3550,Singapore,,,,
20,Jul-24,2020, 8:21 PM,Credit/Debit card-A,45.98,3550,Singapore,,,,
20,Oct-07,2021, 11:10 PM,Credit/Debit card-A,45.98,3550,Singapore,,,,
20,Oct-20,2021, 3:38 PM,Credit/Debit card-A,45.98,3550,Singapore,,,,
20,Nov-06,2021, 1:29 PM,Credit/Debit card-A,25.98,1975,Singapore,,,,
21,Jun-28,2020, 8:59 PM,Credit/Debit card-A,128.98,10500,Singapore,100.00%,296.92,1,
21,Jul-11,2020, 3:17 PM,Credit/Debit card-A,128.98,10500,Singapore,,,,
21,Jul-23,2020, 8:50 PM,Credit/Debit card-A,12.98,975,Singapore,,,,
21,Jul-24,2020, 5:15 PM,Credit/Debit card-A,25.98,1975,Singapore,,,,
22,Oct-24,2020, 2:45 AM,GCash,1250,3600,Philippines,,,1,
22,Oct-31,2020, 4:31 AM,codashop,300,790,Philippines,,,,
22,Nov-01,2020, 2:40 PM,Credit/Debit card-A,1250,3600,Philippines,,,,
22,Nov-07,2020, 3:02 AM,codashop,300,790,Philippines,,,,
22,Nov-25,2020, 4:15 PM,codashop,300,790,Philippines,,,,
22,Nov-25,2020, 4:16 PM,codashop,50,125,Philippines,,,,
22,Nov-25,2020, 4:16 PM,codashop,50,125,Philippines,,,,
22,Nov-25,2020, 4:30 PM,GCash,1250,3600,Philippines,,,,
22,Dec-04,2020, 9.28 AM,GCash,749,2100,Philippines,,,,
23,Jun-23,2020, 4:21 PM,codashop,100,3400,Malaysia,57.27%,1135,1,
23,Jun-23,2020, 7:50 PM,codashop,35,1125,Malaysia,,,,
23,Jul-03,2020, 1:36 PM,codashop,100,3400,Malaysia,,,,
23,Jul-06,2020, 10:45 AM,codashop,35,1125,Malaysia,,,,
23,Jul-08,2020, 11:24 AM,codashop,10,300,Malaysia,,,,
23,Jul-23,2020, 11:52 AM,codashop,50,1650,Malaysia,,,,
23,Aug-05,2020, 11:31 AM,codashop,100,3400,Malaysia,,,,
23,Oct-06,2020, 4:11 PM,codashop,50,1650,Malaysia,,,,
23,Oct-07,2020, 1:00 PM,codashop,10,300,Malaysia,,,,
23,Oct-14,2020, 9:26 PM,codashop,100,3400,Malaysia,,,,
23,Feb-04,2021, 4:54 PM,codashop,10,300,Malaysia,,,,
23,Feb-04,2021, 4:55 PM,codashop,50,1650,Malaysia,,,,
24,Jan-18,2021, 12:11 AM,Riot Access Code,50,5350,United States,30.13%,848.83,1,
24,Feb-14,2021, 6:42 PM,Riot Access Code,25,2675,United States,,,,
24,Mar-19,2021, 5:33 PM,Riot Access Code,50,5350,United States,,,,
24,Apr-17,2021, 7:49 PM,Riot Access Code,50,5350,United States,,,,
24,May-18,2021, 8:26 PM,Credit/Debit Card,38.1,3650,United States,,,,
24,May-20,2021, 12:36 AM,Credit/Debit Card,21.76,2050,United States,,,,
24,Jun-23,2021, 8:57 PM,Credit/Debit Card,10.88,1000,United States,,,,
24,Jul-16,2021, 7:45 PM,Riot Access Code,10,1000,United States,,,,
25,Oct-03,2020, 3:35 PM,Riot Access Code,25,2675,United States,45.45%,209.01,1,
25,Oct-15,2020, 11:59 AM,Riot Access Code,25,2675,United States,,,,
25,Oct-23,2020, 7:18 PM,Riot Access Code,25,2675,United States,,,,
25,Oct-29,2020, 2:56 PM,Riot Access Code,10,1070,United States,,,,
25,Nov-19,2020, 1:54 PM,Riot Access Code,10,1070,United States,,,,
26,Jul-06,2020, 11:36 PM,Credit/Debit card-A,11.99,1000,Europe,,,1,
26,Jul-27,2020, 2:04 AM,Credit/Debit card-A,11.99,1000,Europe,,,,
26,Jul-27,2020, 2:06 AM,Credit/Debit card-A,5.49,475,Europe,,,,
26,Jul-28,2020, 12:22 AM,Credit/Debit card-A,99.99,11000,Europe,,,,
26,Aug-03,2020, 3:47 AM,Credit/Debit card-A,11.99,1000,Europe,,,,
26,Aug-04,2020, 4:14 AM,Credit/Debit card-A,11.99,1000,Europe,,,,
26,Oct-12,2020, 8:03 AM,Paypal,11.99,1000,Europe,,,,
27,Sep-26,2020, 10:32 AM,GCash,2490,7500,Philippines,100.00%,11466,1,
27,Oct-03,2020, 2:08 PM,GCash,249,650,Philippines,,,,
27,Oct-05,2020, 8:43 AM,GCash,2490,7500,Philippines,,,,
27,Oct-21,2020, 8:19 AM,GCash,1250,3600,Philippines,,,,
27,Oct-31,2020, 10:15 AM,GCash,249,650,Philippines,,,,
27,Jan-14,2021, 7:12 PM,GCash,499,1350,Philippines,,,,
27,Feb-04,2021, 5:50 PM,GCash,2490,7500,Philippines,,,,
27,Feb-04,2021, 5:53 PM,GCash,499,1350,Philippines,,,,
27,Mar-03,2021, 8:58 AM,GCash,1250,3600,Philippines,,,,
28,Feb-04,2021, 6:08 PM,codashop,200,7000,Malaysia,100.00%,417.9,1,
28,Feb-04,2021, 6:08 PM,codashop,100,3400,Malaysia,,,,
28,Feb-25,2021, 7:17 AM,codapay-boost,12.9,375,Malaysia,,,,
28,Apr-12,2021, 9:18 PM,codashop,35,1125,Malaysia,,,,
28,May-13,2021, 7:00 PM,codashop,50,1650,Malaysia,,,,
28,May-13,2021, 7:00 PM,codashop,20,625,Malaysia,,,,
29,Jun-21,2021, 7:56 PM,,1250,3600,Philippines,,,1,
29,Oct-14,2021, 4:34 PM,,1250,3600,Philippines,,,,
29,Nov-08,2021, 2:16 PM,,149,375,Philippines,,,,
29,Nov-30,2021, 9:03 AM,,1250,3600,Philippines,,,,
29,Jan-28,2022, 12:59 AM,,249,650,Philippines,,,,
30,Jun-08,2020, 1:42 PM,GCash,499,1350,Philippines,35.48%,8446,1,
30,Jun-13,2020, 4:52 PM,Credit/Debit card-A,1250,3600,Philippines,,,,
30,Jun-13,2020, 4:52 PM,Credit/Debit card-A,499,1350,Philippines,,,,
30,Jul-07,2020, 8:14 PM,GCash,749,2100,Philippines,,,,
31,Dec-10,2021, 5:38 PM,Paypal,50,5350,Europe,,,1,
31,Jan-01,2022, 5:31 PM,Paypal,100,11000,Europe,,,,
31,Jan-01,2022, 5:32 PM,Paypal,100,11000,Europe,,,,
32,Jan-06,2021, 6:28 PM,Credit/Debit card-A,749,2100,Philippines,,,1,
32,Jan-09,2021, 7:38 PM,GCash,749,2100,Philippines,,,,
32,Jan-14,2021, 1:57 AM,GCash,749,2100,Philippines,,,,
32,Jan-14,2021, 2:54 PM,GCash,749,2100,Philippines,,,,
32,Jan-28,2021, 2:18 AM,GCash,1250,3600,Philippines,,,,
33,Apr-11,2021, 9:54 PM,GCash,499,1350,Philippines,,,1,
33,Feb-21,2022, 10:22 AM,GCash,249,650,Philippines,,,,
34,Jan-10,2021, 1:09 PM,codapay-paytm-wallet,799,1000,India,100.00%,8595,1,
34,Feb-28,2021, 11:50 AM,codapay-paytm-wallet,799,1000,India,,,,
34,May-15,2021, 5:31 PM,codapay-paytm-wallet,2699,3650,India,,,,
34,Jun-15,2021, 2:20 PM,codapay-paytm-wallet,2699,3650,India,,,,
34,Sep-03,2021, 11:47 PM,codapay-upi,1599,2050,India,,,,
35,Jul-27,2020, 6:41 PM,Credit/Debit card-A,749,2100,Philippines,100.00%,4136,1,
35,Jul-30,2020, 6:28 PM,Credit/Debit card-A,149,375,Philippines,,,,
35,Jul-30,2020, 6:45 PM,Credit/Debit card-A,249,650,Philippines,,,,
35,Jul-30,2020, 6:48 PM,Credit/Debit card-A,2490,7500,Philippines,,,,
35,Jan-12,2021, 2:37 PM,GCash,499,1350,Philippines,,,,
36,Mar-02,2021, 6:54 PM,codashop,300,790,Philippines,45.38%,16749,1,
36,Mar-02,2021, 6:55 PM,codashop,150,380,Philippines,,,,
36,Mar-13,2021, 5:46 PM,codashop,600,1650,Philippines,,,,
36,Mar-13,2021, 5:50 PM,codashop,150,380,Philippines,,,,
36,May-07,2021, 8:19 PM,codashop,1000,2850,Philippines,,,,
36,May-18,2021, 8:43 PM,codashop,1000,2850,Philippines,,,,
36,May-18,2021, 8:44 PM,codashop,300,790,Philippines,,,,
36,May-23,2021, 10:36 AM,codashop,150,380,Philippines,,,,
36,May-31,2021, 6:51 PM,codashop,1000,2850,Philippines,,,,
36,May-31,2021, 6:52 PM,codashop,300,790,Philippines,,,,
36,Jun-04,2021, 6:39 PM,codashop,1000,2850,Philippines,,,,
36,Jun-17,2021, 7:30 PM,codashop,1000,2850,Philippines,,,,
36,Jul-02,2021, 7:29 PM,codashop,600,1650,Philippines,,,,
36,Jul-02,2021, 7:29 PM,codashop,50,125,Philippines,,,,
37,Oct-17,2020, 5:18 PM,Credit/Debit card-A,1250,3600,Philippines,,,1,
37,Mar-03,2021, 6:56 PM,codashop,300,790,Philippines,,,,
37,Mar-03,2021, 6:56 PM,codashop,50,125,Philippines,,,,
37,Mar-03,2021, 6:56 PM,codashop,50,125,Philippines,,,,
37,Mar-10,2021, 10:38 PM,codashop,600,1650,Philippines,,,,
37,Mar-10,2021, 10:38 PM,codashop,50,125,Philippines,,,,
37,Mar-10,2021, 10:38 PM,codashop,1000,2850,Philippines,,,,
37,Apr-10,2021, 8:44 PM,codashop,150,380,Philippines,,,,
37,Apr-10,2021, 8:44 PM,codashop,600,1650,Philippines,,,,
37,Jun-23,2021, 5:14 PM,codashop,600,1650,Philippines,,,,
37,Jun-23,2021, 5:14 PM,codashop,300,790,Philippines,,,,
37,Jun-23,2021, 5:14 PM,codashop,50,125,Philippines,,,,
37,Jun-23,2021, 5:14 PM,codashop,50,125,Philippines,,,,
37,Jul-31,2021, 10:15 PM,codashop,600,1650,Philippines,,,,
37,Jul-31,2021, 10:15 PM,codashop,300,790,Philippines,,,,
37,Aug-09,2021, 5:25 PM,codashop,150,380,Philippines,,,,
37,Aug-09,2021, 5:25 PM,codashop,1000,2850,Philippines,,,,
37,Aug-28,2021, 10:18 PM,codashop,1000,2850,Philippines,,,,
37,Aug-28,2021, 10:18 PM,codashop,150,380,Philippines,,,,
37,Sep-12,2021, 11:34 PM,codashop,600,1650,Philippines,,,,
37,Sep-13,2021, 12:33 AM,codashop,50,125,Philippines,,,,
37,Sep-15,2021, 7:11 PM,codashop,600,1650,Philippines,,,,
37,Sep-15,2021, 7:30 PM,codashop,50,125,Philippines,,,,
37,Sep-24,2021, 12:36 PM,codashop,600,1650,Philippines,,,,
37,Sep-24,2021, 12:36 PM,codashop,150,380,Philippines,,,,
37,Sep-24,2021, 12:36 PM,codashop,50,125,Philippines,,,,
37,Oct-07,2021, 6:03 PM,codashop,2000,5800,Philippines,,,,
38,Oct-17,2020, 12:48 AM,paypalrest,25.98,1975,Singapore,,,1,
38,Oct-17,2020, 3.31 PM,Carrier Billing,45.98,3550,Singapore,,,,
38,Jun-14,2021, 11:23 PM,codashop,25.98,1975,Singapore,,,,
38,Jun-14,2021, 11:25 PM,codashop,6.98,500,Singapore,,,,
39,Feb-04,2021, 2:45 PM,Credit/Debit card,6.99,475,Canada,,,1,
39,Feb-05,2021, 1:00 PM,Credit/Debit card,27.99,2050,Canada,,,,
39,Mar-21,2021, 11:13 AM,Credit/Debit card,47.99,3750,Canada,,,,
39,Apr-01,2021, 11:25 AM,Credit/Debit card,29.95,2050,Canada,,,,
39,Apr-09,2022, 10:11 PM,Credit/Debit card,78.39,5350,Canada,,,,
40,Mar-12,2021, 4:24 PM,Credit/Debit card-A,45.98,3550,Singapore,,,1,
40,Apr-06,2021, 5:03 AM,Credit/Debit card-A,45.98,3550,Singapore,,,,
40,Aug-07,2021, 7:39 AM,Credit/Debit card-A,45.98,3550,Singapore,,,,
40,Aug-18,2021, 10:22 PM,Credit/Debit card-A,45.98,3550,Singapore,,,,
40,Sep-13,2021, 12:58 AM,Credit/Debit card-A,45.98,3550,Singapore,,,,
40,Sep-29,2021, 8:00 PM,Credit/Debit card-A,25.98,1975,Singapore,,,,
40,Oct-03,2021, 12:57 AM,Credit/Debit card-A,6.98,500,Singapore,,,,
40,Dec-09,2021, 10:51 PM,codashop,45.98,3550,Singapore,,,,
41,Oct-23,2020, 2:21 PM,,499,1350,Philippines,,,1,
41,Oct-28,2020, 10:15 AM,,1250,3600,Philippines,,,,
41,Nov-04,2020, 11:38 AM,,2490,7500,Philippines,,,,
41,Nov-06,2020, 12:40 PM,,1250,3600,Philippines,,,,
41,Nov-12,2020, 10:59 AM,,2490,7500,Philippines,,,,
41,Nov-24,2020, 9:39 AM,,2490,7500,Philippines,,,,
41,Dec-11,2020, 10:39 AM,,749,2100,Philippines,,,,
41,Dec-13,2020, 9:57 AM,,2490,7500,Philippines,,,,
41,Dec-18,2020, 3:03 PM,,2000,5800,Philippines,,,,
41,Dec-19,2020, 11:40 AM,,249,650,Philippines,,,,
41,Dec-26,2020, 7:35 PM,,499,1350,Philippines,,,,
41,Jan-12,2021, 3:12 AM,,2490,7500,Philippines,,,,
41,Jan-15,2021, 4:20 AM,,1250,3600,Philippines,,,,
44,Dec-21,2020, 4:56 PM,codapay-boost,59.9,1900,Malaysia,100.00%,1024,1,
44,Jan-06,2021, 6:33 PM,codapay-boost,39.9,1250,Malaysia,,,0,
44,Jan-13,2021, 4:31 PM,codapay-boost,39.9,1250,Malaysia,,,0,
44,Feb-04,2021, 10:10 PM,codapay-boost,199.9,6750,Malaysia,,,0,
44,Feb-04,2021, 10:10 PM,codapay-boost,59.9,1900,Malaysia,,,0,
44,Feb-05,2021, 2:01 PM,codapay-boost,104.9,3400,Malaysia,,,0,
44,May-05,2021, 4:00 PM,codapay-boost,59.9,1900,Malaysia,,,0,
44,May-27,2021, 3:16 PM,codapay-boost,199.9,6750,Malaysia,,,0,
44,Jun-11,2021, 12:25 AM,codapay-boost,199.9,6750,Malaysia,,,0,
44,Oct-25,2021, 10:50 PM,codapay-boost,59.9,1900,Malaysia,,,0,
45,Nov-13,2021, 8:35 PM,codapay-touchngo,59.9,1900,Malaysia,9.98%,1430.7,1,
45,Dec-14,2021, 5:26 PM,codapay-touchngo,12.9,375,Malaysia,,,0,
45,Dec-14,2021, 5:26 PM,codashop,20,625,Malaysia,,,0,
45,Jan-17,2022, 2:35 PM,codashop,50,1650,Malaysia,,,0,
46,Dec-09,2020, 1:08 PM,codapay-boost,19.9,600,Malaysia,49.40%,859.3,1,
46,Dec-10,2020, 4:50 PM,codapay-touchngo,59.9,1900,Malaysia,,,0,
46,Dec-11,2020, 5:54 PM,codapay-touchngo,199.9,6750,Malaysia,,,0,
46,Feb-11,2021, 3:57 PM,codapay-touchngo,39.9,1250,Malaysia,,,0,
46,Sep-23,2021, 1:59 PM,codapay-touchngo,104.9,3400,Malaysia,,,0,
47,Jun-28,2020, 4:59 PM,codashop,35,1125,Malaysia,44.60%,695,1,
47,Jul-21,2020, 6:21 PM,codashop,35,1125,Malaysia,,,0,
47,Jul-22,2020, 12:23 PM,codashop,50,1650,Malaysia,,,0,
47,Jul-28,2020, 11:03 AM,codashop,20,625,Malaysia,,,0,
47,Aug-05,2020, 9:58 AM,codashop,35,1125,Malaysia,,,0,
47,Aug-07,2020, 9:17 AM,codashop,50,1650,Malaysia,,,0,
47,Sep-05,2020, 10:11 PM,codashop,50,1650,Malaysia,,,0,
47,Sep-24,2020, 6:03 PM,codashop,35,1125,Malaysia,,,0,
48,Apr-14,2022, 10:53 PM,codashop,50,1650,Malaysia,1,180,1,
48,Apr-17,2022, 6:19 PM,codashop,20,625,Malaysia,,,0,
48,Apr-17,2022, 6:19 PM,codashop,10,300,Malaysia,,,0,
48,Apr-28,2022, 11:09 PM,codashop,100,3400,Malaysia,,,0,
49,Oct-29,2021, 11:48 AM,codashop,35,1125,Malaysia,84.55%,615,1,
49,Dec-05,2021, 11:45 AM,codashop,50,1650,Malaysia,,,0,
49,Dec-05,2021, 11:45 AM,codashop,20,625,Malaysia,,,0,
49,Dec-12,2021, 9:28 PM,codashop,35,1125,Malaysia,,,0,
49,Dec-22,2021, 2:11 PM,codashop,100,3400,Malaysia,,,0,
49,Dec-30,2021, 8:57 PM,codashop,50,1650,Malaysia,,,0,
49,Jan-13,2022, 5:20 PM,codashop,35,1125,Malaysia,,,0,
49,Jan-23,2022, 1:31 PM,codashop,100,3400,Malaysia,,,0,
49,Feb-07,2022, 2:07 PM,codashop,50,1650,Malaysia,,,0,
49,Feb-07,2022, 2:07 PM,codashop,10,300,Malaysia,,,0,
49,Feb-10,2022, 11:35 AM,codashop,35,1125,Malaysia,,,0,
50,Mar-24,2021, 8:25 PM,codapay-touchngo,199.9,6750,Malaysia,97.87%,937,1,
50,Apr-09,2021, 12:12 AM,codapay-touchngo,59.9,1900,Malaysia,,,0,
50,Apr-12,2021, 7:53 PM,codapay-touchngo,199.9,6750,Malaysia,,,0,
50,Apr-23,2021, 1:04 AM,codapay-touchngo,19.9,600,Malaysia,,,0,
50,Apr-24,2021, 7:14 PM,codapay-touchngo,59.9,1900,Malaysia,,,0,
50,Apr-28,2021, 6:17 PM,codapay-touchngo,104.9,3400,Malaysia,,,0,
50,Jun-10,2021, 1:40 AM,codapay-touchngo,59.9,1900,Malaysia,,,0,
50,Jun-10,2021, 1:40 AM,codapay-touchngo,39.9,1250,Malaysia,,,0,
50,Jun-26,2021, 7:59 PM,codapay-touchngo,39.9,1250,Malaysia,,,0,
50,Jun-26,2021, 8:00 PM,codapay-touchngo,12.9,375,Malaysia,,,0,
50,Feb-28,2022, 7:47 PM,codashop,100,3400,Malaysia,,,0,
50,Feb-28,2022, 7:47 PM,codashop,10,300,Malaysia,,,0,
50,Feb-28,2022, 7:47 PM,codashop,10,300,Malaysia,,,0,
51,Jan-14,2022, 2:53 PM,codashop,100,3400,Malaysia,79.71%,492.8,1,
51,Jan-18,2022, 1:03 AM,codapay-touchngo,12.9,375,Malaysia,,,0,
51,Jan-22,2022, 11:44 AM,codapay-touchngo,59.9,1900,Malaysia,,,0,
51,Feb-02,2022, 4:39 PM,codashop,100,3400,Malaysia,,,0,
51,Mar-02,2022, 3:33 PM,codashop,20,625,Malaysia,,,0,
51,Apr-07,2022, 4:51 PM,codashop,100,3400,Malaysia,,,0,
52,Feb-01,2021, 4:36 PM,codapay-boost,199.9,6750,Malaysia,100.00%,439.8,0,
52,Feb-09,2021, 8:33 PM,codapay-boost,39.9,1250,Malaysia,,,0,
52,Jul-18,2021, 11:38 AM,codashop,100,3400,Malaysia,,,0,
52,Sep-06,2021, 11:04 PM,codashop,100,3400,Malaysia,,,0,
53,Jan-18,2021, 8:31 PM,codashop,200,7000,Malaysia,32.06%,1559.8,1,
53,Jan-22,2021, 1:58 PM,codashop,10,300,Malaysia,,,0,
53,Jan-26,2021, 8:49 PM,codashop,100,3400,Malaysia,,,0,
53,Jan-29,2021, 7:30 PM,codashop,50,1650,Malaysia,,,0,
53,Feb-14,2021, 11:02 PM,codashop,100,3400,Malaysia,,,0,
53,Feb-16,2021, 10:26 PM,codashop,10,300,Malaysia,,,0,
53,Mar-16,2021, 11:07 PM,codashop,20,625,Malaysia,,,0,
53,Mar-16,2021, 11:51 PM,codashop,10,300,Malaysia,,,0,
54,Apr-30,2021, 3:01 PM,codashop,50,1650,Malaysia,41.79%,1005,1,
54,Apr-30,2021, 3:01 PM,codashop,35,1125,Malaysia,,,0,
54,May-11,2021, 9:23 PM,codashop,50,1650,Malaysia,,,0,
54,May-11,2021, 9:23 PM,codashop,10,300,Malaysia,,,0,
54,May-22,2021, 3:28 PM,codashop,35,1125,Malaysia,,,0,
54,May-22,2021, 3:28 PM,codashop,35,1125,Malaysia,,,0,
54,May-22,2021, 3:28 PM,codashop,35,1125,Malaysia,,,0,
54,Jun-12,2021, 2:45 AM,codashop,100,3400,Malaysia,,,0,
54,Jun-12,2021, 3:09 AM,codashop,35,1125,Malaysia,,,0,
54,Jun-13,2021, 8:06 AM,codashop,35,1125,Malaysia,,,0,
55,Jun-07,2020, 4:39 PM,Credit/Debit card-A,39.9,1250,Malaysia,37.03%,1862.5,1,
55,Jul-27,2020, 10:19 PM,codapay-boost,59.9,1900,Malaysia,,,0,
55,Oct-14,2020, 1:49 PM,codashop,100,3400,Malaysia,,,0,
55,Dec-11,2020, 4:06 PM,codashop,50,1650,Malaysia,,,0,
55,Jan-13,2021, 10:00 AM,codashop,50,1650,Malaysia,,,0,
55,Jan-20,2021, 10:27 PM,codashop,50,1650,Malaysia,,,0,
55,Apr-19,2021, 11:57 PM,codapay-touchngo,39.9,1250,Malaysia,,,0,
55,Apr-28,2021, 8:21 AM,codashop,200,7000,Malaysia,,,0,
55,Jun-23,2021, 6:54 PM,codashop,100,3400,Malaysia,,,0,
56,Jul-05,2020, 1:23 AM,Credit/Debit card-A,39.9,1250,Malaysia,33.72%,1274.9,1,
56,Jul-31,2020, 9:20 PM,codashop,10,300,Malaysia,,,0,
56,Jul-31,2020, 9:22 PM,codashop,100,3400,Malaysia,,,0,
56,Aug-05,2020, 3:40 PM,codashop,100,3400,Malaysia,,,0,
56,Aug-05,2020, 3:41 PM,codashop,35,1125,Malaysia,,,0,
56,Aug-28,2020, 4:23 PM,codashop,35,1125,Malaysia,,,0,
56,Aug-28,2020, 4:23 PM,codashop,10,300,Malaysia,,,0,
56,Dec-31,2020, 8:23 PM,codashop,100,3400,Malaysia,,,0,
57,Aug-25,2021, 6:33 PM,codashop,50,1650,Malaysia,74.42%,645,1,
57,Oct-25,2021, 12:14 AM,codashop,10,300,Malaysia,,,0,
57,Oct-25,2021, 12:14 AM,codashop,50,1650,Malaysia,,,0,
57,Oct-25,2021, 11:40 PM,codashop,200,7000,Malaysia,,,0,
57,Oct-29,2021, 12:24 PM,codashop,35,1125,Malaysia,,,0,
57,Nov-21,2021, 11:48 PM,codashop,35,1125,Malaysia,,,0,
57,Dec-08,2021, 3:36 PM,codashop,50,1650,Malaysia,,,0,
57,Dec-22,2021, 12:17 PM,codashop,50,1650,Malaysia,,,0,
59,Jan-11,2021, 8:01 PM,Credit/Debit card-A,104.9,3400,Malaysia,65.66%,334.9,1,
59,Apr-13,2021, 8:25 PM,codashop,20,625,Malaysia,,,0,
59,Apr-13,2021, 8:25 PM,codashop,10,300,Malaysia,,,0,
59,Apr-30,2021, 11:16 AM,codashop,50,1650,Malaysia,,,0,
59,Apr-30,2021, 11:16 AM,codashop,35,1125,Malaysia,,,0,
60,Jul-29,2021, 10:10 PM,,50,1650,Malaysia,100.00%,570,1,
60,Aug-01,2021, 2:54 AM,,35,1125,Malaysia,,,0,
60,Aug-14,2021, 4:40 PM,,100,3400,Malaysia,,,0,
60,Aug-15,2021, 5:47 PM,,10,300,Malaysia,,,0,
60,Sep-06,2021, 11:25 PM,,100,3400,Malaysia,,,0,
60,Sep-09,2021, 7:19 PM,,35,1125,Malaysia,,,0,
60,Sep-30,2021, 2:26 PM,,100,3400,Malaysia,,,0,
60,Oct-04,2021, 12:45 PM,,20,625,Malaysia,,,0,
60,Nov-03,2021, 3:25 PM,,35,1125,Malaysia,,,0,
60,Jan-23,2022, 12:33 PM,,35,1125,Malaysia,,,0,
60,Feb-05,2022, 11:43 AM,,10,300,Malaysia,,,0,
60,Feb-11,2022, 3:56 PM,,20,625,Malaysia,,,0,
60,Feb-11,2022, 3:56 PM,,20,625,Malaysia,,,0,
61,Aug-30,2021, 9:10 PM,codashop,35,1125,Malaysia,37.24%,1665,1,
61,Sep-04,2021, 11:10 PM,codashop,50,1650,Malaysia,,,0,
61,Sep-12,2021, 9:47 PM,codashop,50,1650,Malaysia,,,0,
61,Sep-12,2021, 9:47 PM,codashop,20,625,Malaysia,,,0,
61,Sep-12,2021, 9:47 PM,codashop,10,300,Malaysia,,,0,
61,Sep-19,2021, 8:56 PM,codashop,10,300,Malaysia,,,0,
61,Oct-01,2021, 11:38 PM,codashop,100,3400,Malaysia,,,0,
61,Oct-01,2021, 11:38 PM,codashop,100,3400,Malaysia,,,0,
61,Oct-06,2021, 10:14 PM,codashop,35,1125,Malaysia,,,0,
61,Oct-26,2021, 9:49 PM,codashop,10,300,Malaysia,,,0,
61,Oct-31,2021, 1:00 AM,codashop,200,7000,Malaysia,,,0,
62,Mar-03,2021, 7:58 PM,codashop,100,3400,Malaysia,94.87%,777.7,1,
62,Mar-03,2021, 7:58 PM,codashop,10,300,Malaysia,,,0,
62,Apr-08,2021, 3:50 PM,codashop,50,1650,Malaysia,,,0,
62,Apr-08,2021, 3:57 PM,codashop,35,1125,Malaysia,,,0,
62,Apr-22,2021, 12:47 PM,codashop,100,3400,Malaysia,,,0,
62,Jun-23,2021, 5:49 PM,codashop,100,3400,Malaysia,,,0,
62,Jul-24,2021, 12:31 AM,codashop,35,1125,Malaysia,,,0,
62,Jul-24,2021, 7:23 PM,codashop,35,1125,Malaysia,,,0,
62,Sep-17,2021, 4:16 PM,codashop,100,3400,Malaysia,,,0,
62,Nov-25,2021, 11:13 AM,codashop,100,3400,Malaysia,,,0,
62,Nov-25,2021, 5:29 PM,codapay-grabpay-sgp,39.9,1250,Malaysia,,,0,
62,Nov-25,2021, 5:29 PM,codapay-grabpay-sgp,12.9,375,Malaysia,,,0,
62,Nov-26,2021, 5:12 PM,codashop,20,625,Malaysia,,,0,
63,Jan-16,2021, 10:38 PM,codashop,35,1125,Malaysia,51.01%,745,1,
63,Mar-08,2021, 6:12 PM,codashop,35,1125,Malaysia,,,0,
63,Apr-08,2021, 12:22 AM,codashop,50,1650,Malaysia,,,0,
63,Apr-08,2021, 12:22 AM,codashop,20,625,Malaysia,,,0,
63,Apr-17,2021, 4:00 PM,codashop,50,1650,Malaysia,,,0,
63,Apr-17,2021, 4:00 PM,codashop,20,625,Malaysia,,,0,
63,May-04,2021, 10:17 AM,codashop,50,1650,Malaysia,,,0,
63,May-04,2021, 10:17 AM,codashop,20,625,Malaysia,,,0,
63,May-14,2021, 5:01 PM,codashop,20,625,Malaysia,,,0,
63,May-19,2021, 12:52 PM,codashop,35,1125,Malaysia,,,0,
63,May-30,2021, 11:50 AM,codashop,35,1125,Malaysia,,,0,
63,Jun-03,2021, 7:21 PM,codashop,10,300,Malaysia,,,0,
64,Jun-23,2021, 12:52 AM,codashop,50,1650,Malaysia,87.50%,920,1,
64,Sep-08,2021, 11:02 PM,codashop,50,1650,Malaysia,,,0,
64,Oct-09,2021, 12:58 AM,codashop,35,1125,Malaysia,,,0,
64,Nov-14,2021, 6:00 PM,codashop,35,1125,Malaysia,,,0,
64,Nov-14,2021, 6:00 PM,codashop,200,7000,Malaysia,,,0,
64,Nov-21,2021, 7:36 PM,codashop,20,625,Malaysia,,,0,
64,Nov-29,2021, 2:36 PM,codashop,100,3400,Malaysia,,,0,
64,Dec-03,2021, 10:12 AM,codashop,100,3400,Malaysia,,,0,
64,Dec-09,2021, 4:16 PM,codashop,35,1125,Malaysia,,,0,
64,Dec-23,2021, 5:18 PM,codashop,100,3400,Malaysia,,,0,
64,Jan-12,2022, 2:58 PM,codashop,35,1125,Malaysia,,,0,
64,Jan-12,2022, 2:58 PM,codashop,10,300,Malaysia,,,0,
64,May-16,2022, 7:13 PM,codashop,35,1125,Malaysia,,,0,
65,Sep-15,2020, 2:24 PM,codapay-boost,39.9,1250,Malaysia,42.26%,614.8,1,
65,Sep-24,2020, 4:45 PM,codashop,20,625,Malaysia,,,0,
65,Jan-10,2021, 9:28 PM,codapay-boost,59.9,1900,Malaysia,,,0,
65,Feb-04,2021, 9:18 PM,codashop,20,625,Malaysia,,,0,
65,Feb-04,2021, 9:18 PM,codashop,10,300,Malaysia,,,0,
65,Feb-22,2021, 3:27 PM,codashop,10,300,Malaysia,,,0,
65,Feb-22,2021, 3:27 PM,codashop,100,3400,Malaysia,,,0,
66,Mar-19,2021, 5:37 PM,codashop,200,7000,Malaysia,85.95%,605,1,
66,Mar-19,2021, 8:55 PM,codashop,200,7000,Malaysia,,,0,
66,Apr-06,2021, 4:37 PM,codashop,20,625,Malaysia,,,0,
66,Aug-27,2021, 7:24 PM,codashop,100,3400,Malaysia,,,0,
67,Jul-06,2021, 12:19 PM,codashop,35,1125,Malaysia,100.00%,325,1,
67,Jul-09,2021, 3:11 AM,codashop,50,1650,Malaysia,,,0,
67,Jul-09,2021, 3:11 AM,codashop,20,625,Malaysia,,,0,
67,Aug-09,2021, 5:15 PM,codashop,50,1650,Malaysia,,,0,
67,Sep-21,2021, 10:19 PM,codashop,20,625,Malaysia,,,0,
67,Sep-21,2021, 10:19 PM,codashop,50,1650,Malaysia,,,0,
67,Sep-23,2021, 5:54 PM,codashop,100,3400,Malaysia,,,0,
68,Aug-07,2021, 12:39 PM,codashop,100,3400,Malaysia,100.00%,470,1,
68,Aug-23,2021, 8:23 PM,codashop,100,3400,Malaysia,,,0,
68,Aug-23,2021, 8:23 PM,codashop,50,1650,Malaysia,,,0,
68,Sep-09,2021, 11:41 AM,codashop,100,3400,Malaysia,,,0,
68,Sep-10,2021, 10:04 PM,codashop,20,625,Malaysia,,,0,
68,Oct-19,2021, 9:45 PM,codashop,100,3400,Malaysia,,,0,
69,Apr-03,2021, 1:43 PM,codashop,35,1125,Malaysia,59.49%,790,1,
69,Apr-09,2021, 4:03 PM,codashop,50,1650,Malaysia,,,0,
69,Apr-09,2021, 4:03 PM,codashop,35,1125,Malaysia,,,0,
69,Apr-11,2021, 7:37 PM,codashop,35,1125,Malaysia,,,0,
69,Apr-11,2021, 7:37 PM,codashop,35,1125,Malaysia,,,0,
69,Apr-17,2021, 2:15 PM,codashop,50,1650,Malaysia,,,0,
69,Apr-17,2021, 2:15 PM,codashop,20,625,Malaysia,,,0,
69,Apr-17,2021, 2:15 PM,codashop,10,300,Malaysia,,,0,
69,May-01,2021, 7:40 PM,codashop,50,1650,Malaysia,,,0,
69,Jun-01,2021, 1:20 PM,codashop,20,625,Malaysia,,,0,
69,Jun-01,2021, 1:20 PM,codashop,20,625,Malaysia,,,0,
69,Jun-30,2021, 7:06 PM,codashop,10,300,Malaysia,,,0,
69,Sep-28,2021, 3:55 PM,codashop,100,3400,Malaysia,,,0,
70,Apr-15,2021, 9:56 PM,codashop,35,1125,Malaysia,100.00%,420,1,
70,Apr-17,2021, 6:38 PM,codashop,100,3400,Malaysia,,,0,
70,Apr-17,2021, 6:38 PM,codashop,50,1650,Malaysia,,,0,
70,Apr-25,2021, 7:00PM,codashop,200,7000,Malaysia,,,0,
70,Apr-27,2021, 9:24 AM,codashop,35,1125,Malaysia,,,0,
71,Aug-25,2020, 8:06 PM,codapay-grabpay-sgp,25.98,1975,Singapore,55.72%,340.76,1,
71,Aug-25,2020, 8:06 PM,codapay-grabpay-sgp,6.98,500,Singapore,,,0,
71,May-15,2021, 6:49 PM,Credit/Debit card-A,25.98,1975,Singapore,,,0,
71,May-15,2021, 9:50 PM,Credit/Debit card-A,12.98,975,Singapore,,,0,
71,May-23,2021, 12:33 PM,Credit/Debit card-A,25.98,1975,Singapore,,,0,
71,Jun-23,2021, 10:26 PM,Credit/Debit card-A,45.98,3550,Singapore,,,0,
71,Jul-29,2021, 5:27 PM,Credit/Debit card-A,45.98,3550,Singapore,,,0,
72,Feb-14,2021, 2:45 PM,Credit/Debit card-A,25.98,1975,Singapore,50.24%,429.68,1,
72,Feb-23,2021, 9:28 PM,codashop,25.98,1975,Singapore,,,0,
72,Mar-02,2021, 7:34 PM,codashop,45.98,3550,Singapore,,,0,
72,Apr-26,2021, 9:04 PM,codashop,12.98,975,Singapore,,,0,
72,May-16,2021, 3:47 PM,paypalrest,45.98,3550,Singapore,,,0,
72,Aug-26,2021, 3:53 PM,paypalrest,45.98,3550,Singapore,,,0,
72,Aug-26,2021, 3:54 PM,paypalrest,12.98,975,Singapore,,,0,
73,Sep-26,2020, 12:54 AM,Credit/Debit card-A,128.98,10500,Singapore,100.00%,239.86,1,
73,Sep-26,2020, 1:06 AM,Credit/Debit card-A,25.98,1975,Singapore,,,0,
73,Sep-26,2020, 1:09 AM,Credit/Debit card-A,25.98,1975,Singapore,,,0,
73,Oct-16,2020, 9:13 PM,Credit/Debit card-A,6.98,500,Singapore,,,0,
73,Oct-16,2020, 9:13 PM,Credit/Debit card-A,25.98,1975,Singapore,,,0,
73,Dec-09,2021, 10:04 PM,paypalrest,12.98,975,Singapore,,,0,
73,Dec-11,2021, 9:48 PM,paypalrest,12.98,975,Singapore,,,0,
74,Aug-29,2020, 4:19 PM,Credit/Debit card-A,128.98,10500,Singapore,100.00%,322.88,1,
74,Oct-14,2020, 8:08 PM,Credit/Debit card-A,128.98,10500,Singapore,,,0,
74,Feb-12,2021, 9:25 PM,Credit/Debit card-A,12.98,975,Singapore,,,0,
74,Mar-06,2021, 5:00 PM,Credit/Debit card-A,12.98,975,Singapore,,,0,
74,Jun-03,2021, 9:13 AM,Credit/Debit card-A,12.98,975,Singapore,,,0,
74,Jun-24,2021, 2:35 PM,Credit/Debit card-A,25.98,1975,Singapore,,,0,
75,Apr-24,2021, 10:25 PM,Credit/Debit card-A,45.98,3550,Singapore,39.33%,482.68,1,
75,May-08,2021, 10:31 PM,Credit/Debit card-A,25.98,1975,Singapore,,,0,
75,May-31,2021, 2:00 AM,Credit/Debit card-A,12.98,975,Singapore,,,0,
75,May-31,2021, 2:00 AM,Credit/Debit card-A,6.98,500,Singapore,,,0,
75,Jun-18,2021, 12:19 AM,Credit/Debit card-A,25.98,1975,Singapore,,,0,
75,Jun-24,2021, 10:20 PM,Credit/Debit card-A,25.98,1975,Singapore,,,0,
75,Jun-24,2021, 10:20 PM,Credit/Debit card-A,12.98,975,Singapore,,,0,
75,Sep-30,2021, 3:15 PM,Credit/Debit card-A,25.98,1975,Singapore,,,0,
75,Sep-30,2021, 3:15 PM,Credit/Debit card-A,6.98,500,Singapore,,,0,
76,Jul-29,2021, 10:43 PM,Credit/Debit card-A,45.98,3550,Singapore,27.77%,1083.44,1,
76,Jul-31,2021, 8:29 PM,Credit/Debit card-A,45.98,3550,Singapore,,,0,
76,Aug-05,2021, 4:21 PM,Credit/Debit card-A,128.98,10500,Singapore,,,0,
76,Aug-26,2021, 3:32 PM,codashop,45.98,3550,Singapore,,,0,
76,Aug-26,2021, 3:33 PM,codashop,6.98,500,Singapore,,,0,
76,Sep-23,2021, 2:36 PM,codashop,12.98,975,Singapore,,,0,
76,Sep-23,2021, 2:37 PM,codashop,6.98,500,Singapore,,,0,
76,Oct-04,2021, 12:24 AM,codashop,6.98,500,Singapore,,,0,
77,Feb-20,2021, 9:04 PM,Credit/Debit card-A,2490,7500,Philippines,38.69%,61143,1,
77,Mar-03,2021, 11:00 AM,Credit/Debit card-A,2490,7500,Philippines,,,0,
77,Mar-19,2021, 11:34 AM,Credit/Debit card-A,2490,7500,Philippines,,,0,
77,Mar-25,2021, 11:20 AM,GCash,249,650,Philippines,,,0,
77,Apr-02,2021, 10:50 AM,Credit/Debit card-A,2490,7500,Philippines,,,0,
77,Apr-14,2021, 11:49 AM,Credit/Debit card-A,2490,7500,Philippines,,,0,
77,Apr-14,2021, 11:51 AM,Credit/Debit card-A,2490,7500,Philippines,,,0,
77,May-17,2021, 10:01 PM,Credit/Debit card-A,2490,7500,Philippines,,,0,
77,May-27,2021, 9:21 AM,Credit/Debit card-A,2490,7500,Philippines,,,0,
77,Jun-10,2021, 5:41 PM,Credit/Debit card-A,2490,7500,Philippines,,,0,
77,Jun-15,2021, 10:52 AM,Credit/Debit card-A,749,2100,Philippines,,,0,
77,Jun-26,2021, 9:23 PM,Credit/Debit card-A,249,650,Philippines,,,0,
78,May-02,2021, 8:05 PM,paypalrest,45.98,3550,Singapore,100.00%,170.86,1,
78,May-02,2021, 8:05 PM,paypalrest,6.98,500,Singapore,,,0,
78,May-25,2021, 9:30 AM,paypalrest,25.98,1975,Singapore,,,0,
78,May-25,2021, 9:30 AM,paypalrest,6.98,500,Singapore,,,0,
78,May-25,2021, 9:30 AM,paypalrest,12.98,975,Singapore,,,0,
78,Jun-04,2021, 3:56 PM,paypalrest,25.98,1975,Singapore,,,0,
78,Jul-22,2021, 10:29 PM,Credit/Debit card-A,45.98,3550,Singapore,,,0,
79,Oct-13,2020, 2:44 PM,paypalrest,88.98,7000,Singapore,74.04%,1347.74,1,
79,Oct-19,2020, 10:08 PM,Credit/Debit card-A,128.98,10500,Singapore,,,0,
79,Nov-03,2020, 9:12 PM,Credit/Debit card-A,128.98,10500,Singapore,,,0,
79,Nov-14,2020, 12:32 PM,Credit/Debit card-A,128.98,10500,Singapore,,,0,
79,Dec-09,2020, 10:13 PM,Credit/Debit card-A,45.98,3550,Singapore,,,0,
79,Dec-13,2020, 11:22 AM,Credit/Debit card-A,128.98,10500,Singapore,,,0,
79,Dec-25,2020, 1:58 AM,Credit/Debit card-A,88.98,7000,Singapore,,,0,
79,Dec-31,2020, 11:53 PM,Credit/Debit card-A,128.98,10500,Singapore,,,0,
79,Jan-13,2021, 12:02 PM,Credit/Debit card-A,128.98,10500,Singapore,,,0,
80,Oct-19,2020, 5:44 PM,codashop,600,1650,Philippines,70.27%,3700,1,
80,Oct-21,2020, 6:25 PM,codashop,600,1650,Philippines,,,0,
80,Nov-04,2020, 3:19 PM,codashop,600,1650,Philippines,,,0,
80,Jun-14,2021, 9:40 PM,codashop,300,790,Philippines,,,0,
80,Jun-14,2021, 9:40 PM,codashop,50,125,Philippines,,,0,
80,Jun-14,2021, 9:40 PM,codashop,150,380,Philippines,,,0,
80,Aug-01,2021, 10:56 PM,codashop,300,790,Philippines,,,0,
81,Dec-13,2020, 4:21 AM,Credit/Debit card-A,499,1350,Philippines,61.52%,6489,1,
81,Dec-13,2020, 4:21 PM,Credit/Debit card-A,499,1350,Philippines,,,0,
81,Dec-24,2020, 2:40 PM,Credit/Debit card-A,499,1350,Philippines,,,0,
81,Jan-13,2021, 7:54 PM,Credit/Debit card-A,499,1350,Philippines,,,0,
81,Jan-30,2021, 9:31 PM,Credit/Debit card-A,499,1350,Philippines,,,0,
81,Mar-05,2021, 12:16 PM,Credit/Debit card-A,499,1350,Philippines,,,0,
81,Apr-28,2021, 9:11 AM,Credit/Debit card-A,499,1350,Philippines,,,0,
81,May-21,2021, 8:19 AM,Bank Transfer,499,1350,Philippines,,,0,
82,May-08,2021, 8:14 PM,Credit/Debit card-A,45.98,3550,Singapore,100.00%,220.94,1,
82,May-10,2021, 9:49 PM,Credit/Debit card-A,128.98,10500,Singapore,,,,
82,Jun-06,2021, 4:53 PM,Credit/Debit card-A,45.98,3550,Singapore,,,,
83,Apr-07,2022, 9:26 PM,Credit/Debit card-A,45.98,3550,Singapore,83.21%,237.8,1,
83,Apr-28,2022, 5:24 PM,Credit/Debit card-A,6.98,500,Singapore,,,,
83,Apr-29,2022, 6:57 PM,Credit/Debit card-A,6.98,500,Singapore,,,,
83,Apr-29,2022, 6:57 PM,Carrier Billing,45.98,3550,Singapore,,,,
83,May-02,2022, 7:23 PM,Carrier Billing,45.98,3550,Singapore,,,,
83,May-02,2022, 7:23 PM,Carrier Billing,45.98,3550,Singapore,,,,
84,Apr-08,2021, 9:18 PM,Credit/Debit card-A,12.98,975,Singapore,18.61%,934.42,1,
84,Apr-08,2021, 9:18 PM,Credit/Debit card-A,25.98,1975,Singapore,,,,
84,Apr-28,2021, 6:09 PM,Credit/Debit card-A,88.98,7000,Singapore,,,,
84,Aug-17,2021, 2:48 AM,Credit/Debit card-A,45.98,3550,Singapore,,,,
85,Feb-07,2021, 11:23 PM,codashop,45.98,3550,Singapore,55.14%,447.82,1,
85,Feb-28,2021, 10:17 PM,codashop,128.98,10500,Singapore,,,,
85,Mar-06,2021, 10:20 AM,codashop,25.98,1975,Singapore,,,,
85,Mar-09,2021, 10:17 PM,codashop,45.98,3550,Singapore,,,,
86,Nov-08,2020, 2:57 PM,Credit/Debit card-A,6.98,500,Singapore,100.00%,181.9,1,
86,Nov-08,2020, 2:57 PM,Credit/Debit card-A,6.98,500,Singapore,,,,
86,Nov-18,2020, 1:05 AM,Credit/Debit card-A,128.98,10500,Singapore,,,,
86,Dec-16,2020, 12:59 PM,Credit/Debit card-A,25.98,1975,Singapore,,,,
86,Mar-03,2021, 10:37 PM,Credit/Debit card-A,12.98,975,Singapore,,,,
87,Sep-10,2020, 4:12 PM,Credit/Debit card-A,6.98,500,Singapore,29.85%,441.48,1,
87,Oct-03,2020, 2:55 PM,Credit/Debit card-A,12.98,975,Singapore,,,,
87,Oct-14,2020, 3:36 PM,Credit/Debit card-A,25.98,1975,Singapore,,,,
87,Oct-14,2020, 3:36 PM,Credit/Debit card-A,6.98,500,Singapore,,,,
87,Oct-14,2020, 9:14 PM,Credit/Debit card-A,25.98,1975,Singapore,,,,
87,Oct-14,2020, 9:14 PM,Credit/Debit card-A,6.98,500,Singapore,,,,
87,Oct-16,2020, 9:46 PM,Credit/Debit card-A,12.98,975,Singapore,,,,
87,Oct-25,2020, 12:59 PM,Credit/Debit card-A,12.98,975,Singapore,,,,
87,Oct-25,2020, 1:00 PM,Credit/Debit card-A,6.98,500,Singapore,,,,
87,Nov-01,2020, 10:58 PM,Credit/Debit card-A,12.98,975,Singapore,,,,
88,Aug-22,2020, 12:37 AM,codapay-grabpay-sgp,25.98,1975,Singapore,71.70%,370.72,1,
88,Aug-22,2020, 12:26 PM,codapay-grabpay-sgp,12.98,975,Singapore,,,,
88,Aug-29,2020, 1:23 PM,codapay-grabpay-sgp,25.98,1975,Singapore,,,,
88,Sep-05,2020, 12:50 PM,codapay-grabpay-sgp,6.98,500,Singapore,,,,
88,Sep-24,2020, 11:13 PM,codapay-grabpay-sgp,12.98,975,Singapore,,,,
88,Oct-14,2020, 10:31 AM,codapay-grabpay-sgp,128.98,10500,Singapore,,,,
88,Nov-04,2020, 3:50 PM,codapay-grabpay-sgp,12.98,975,Singapore,,,,
88,Mar-03,2021, 5:40 PM,Credit/Debit card-A,12.98,975,Singapore,,,,
88,Apr-13,2021, 3:45 PM,Credit/Debit card-A,25.98,1975,Singapore,,,,
89,Nov-13,2020, 6:36 PM,codashop,300,790,Philippines,100.00%,10712,1,
89,Nov-13,2020, 6:36 PM,codashop,150,380,Philippines,,,,
89,Dec-20,2020, 7:53 AM,Credit/Debit card-A,149,375,Philippines,,,,
89,Dec-20,2020, 7:53 AM,Credit/Debit card-A,499,1350,Philippines,,,,
89,Dec-29,2020, 12:26 AM,Credit/Debit card-A,2490,7500,Philippines,,,,
89,Dec-29,2020, 12:26 AM,Credit/Debit card-A,499,1350,Philippines,,,,
89,Feb-18,2021, 4:41 PM,Credit/Debit card-A,2490,7500,Philippines,,,,
89,Feb-18,2021, 5:15 PM,Credit/Debit card-A,249,650,Philippines,,,,
89,Feb-18,2021, 5:15 PM,Credit/Debit card-A,149,375,Philippines,,,,
89,Jul-18,2021, 9:26 AM,Credit/Debit card-A,2490,7500,Philippines,,,,
89,Jul-18,2021, 9:26 AM,Credit/Debit card-A,499,1350,Philippines,,,,
89,Apr-10,2022, 11:51 AM,GCash,499,1350,Philippines,,,,
89,Apr-10,2022, 7:40 PM,GCash,249,650,Philippines,,,,
90,Mar-04,2021, 4:20 PM,Credit/Debit card-A,128.98,10500,Singapore,100.00%,405.88,1,
90,Mar-09,2021, 2:18 AM,paypalrest,6.98,500,Singapore,,,,
90,Mar-18,2021, 1:41 AM,paypalrest,128.98,10500,Singapore,,,,
90,Mar-30,2021, 10:44 PM,paypalrest,25.98,1975,Singapore,,,,
90,Apr-05,2021, 7:39 PM,paypalrest,25.98,1975,Singapore,,,,
90,Apr-11,2021, 10:18 PM,paypalrest,88.98,7000,Singapore,,,,
91,Nov-18,2021, 9:59 PM,Credit/Debit card-A,39.9,1250,Malaysia,75.32%,809.6,1,
91,Nov-20,2021, 1:48 PM,Credit/Debit card-A,59.9,1900,Malaysia,,,,
91,Nov-28,2021, 1:43 PM,codashop,20,625,Malaysia,,,,
91,Nov-28,2021, 2:02 PM,codashop,35,1125,Malaysia,,,,
91,Nov-28,2021, 2:02 PM,codashop,10,300,Malaysia,,,,
91,Jan-07,2022, 1:10 PM,codashop,20,625,Malaysia,,,,
91,Jan-07,2022, 1:10 PM,codashop,35,1125,Malaysia,,,,
91,Jan-31,2022, 10:53 PM,Riot gift card,40,1200,Malaysia,,,,
91,Jan-31,2022, 10:53 PM,Riot gift card,70,2100,Malaysia,,,,
91,Feb-01,2022, 11:25 AM,codashop,50,1650,Malaysia,,,,
91,Feb-01,2022, 11:25 AM,codashop,20,625,Malaysia,,,,
91,Mar-06,2022, 1:23 PM,codashop,100,3400,Malaysia,,,,
91,Apr-17,2022, 9:27 AM,codashop,10,300,Malaysia,,,,
91,Apr-17,2022, 9:27 AM,codashop,100,3400,Malaysia,,,,
92,Jan-16,2021, 3:44 PM,codashop,35,1125,Malaysia,100.00%,245,1,
92,Jan-16,2021, 5:20 PM,codashop,10,300,Malaysia,,,,
92,Jan-16,2021, 5:20 PM,codashop,50,1650,Malaysia,,,,
92,Apr-28,2021, 10:02 PM,codashop,50,1650,Malaysia,,,,
92,Apr-28,2021, 10:03 PM,codashop,10,300,Malaysia,,,,
92,May-10,2021, 5:43 PM,codashop,35,1125,Malaysia,,,,
92,May-27,2021, 3:35 PM,codashop,10,300,Malaysia,,,,
92,Jun-09,2021, 11:02 AM,codashop,35,1125,Malaysia,,,,
92,Jun-09,2021, 11:02 AM,codashop,10,300,Malaysia,,,,
93,Jan-30,2022, 1:58 AM,codapay-grabpay-sgp,12.98,975,Singapore,22.74%,144.84,1,
93,Jan-30,2022, 2:00 AM,codapay-grabpay-sgp,6.98,500,Singapore,,,,
93,Feb-12,2022, 5:22 PM,Credit/Debit card-A,12.98,975,Singapore,,,,
94,Feb-21,2021, 8:07 PM,Credit/Debit card-A,88.98,7000,Singapore,35.53%,1643.34,1,
94,Mar-06,2021, 10:31 PM,Credit/Debit card-A,128.98,10500,Singapore,,,,
94,Jul-08,2021, 12:18 PM,Credit/Debit card-A,88.98,7000,Singapore,,,,
94,Nov-07,2021, 9:07 PM,Credit/Debit card-A,128.98,10500,Singapore,,,,
94,Nov-07,2021, 9:07 PM,Credit/Debit card-A,25.98,1975,Singapore,,,,
94,Dec-07,2021, 12:54 PM,Credit/Debit card-A,88.98,7000,Singapore,,,,
94,Dec-07,2021, 1:14 PM,Credit/Debit card-A,6.98,500,Singapore,,,,
94,Dec-24,2021, 2:41 AM,Credit/Debit card-A,25.98,1975,Singapore,,,,
95,Dec-12,2021, 2:41 PM,codashop,300,790,Philippines,49.12%,8550,1,
95,Dec-12,2021, 2:41 PM,codashop,50,125,Philippines,,,,
95,Dec-12,2021, 2:41 PM,codashop,50,125,Philippines,,,,
95,Dec-14,2021, 11:57 AM,codashop,2000,5800,Philippines,,,,
95,Dec-21,2021, 1:55 PM,codashop,600,1650,Philippines,,,,
95,Dec-21,2021, 1:55 PM,codashop,150,380,Philippines,,,,
95,Jan-29,2022, 2:32 PM,codashop,1000,2850,Philippines,,,,
95,Feb-04,2022, 11:52 AM,codashop,50,125,Philippines,,,,
96,Nov-02,2021, 10:22 PM,GCash,499,1350,Philippines,97.34%,5646,1,
96,Nov-03,2021, 2:25 PM,Credit/Debit card-A,749,2100,Philippines,,,,
96,Nov-03,2021, 2:34 PM,Credit/Debit card-A,499,1350,Philippines,,,,
96,Nov-03,2021, 11:53 PM,GCash,749,2100,Philippines,,,,
96,Nov-08,2021, 2:37 PM,codashop,1000,2850,Philippines,,,,
96,Jan-23,2022, 9:28 PM,codashop,2000,5800,Philippines,,,,
97,Apr-07,2020, 8:02 AM,Credit/Debit card,99.99,11000,United States,94.16%,4696.42,1,
97,Apr-13,2020, 7:36 PM,Credit/Debit card,34.99,3650,United States,,,,
97,Apr-13,2020, 7:36 PM,Credit/Debit card,49.99,5350,United States,,,,
97,Apr-20,2020, 4:54 PM,Credit/Debit card,49.99,5350,United States,,,,
97,Apr-20,2020, 4:54 PM,Credit/Debit card,19.99,2050,United States,,,,
97,Apr-27,2020, 8:37 PM,Credit/Debit card,19.99,2050,United States,,,,
97,Jun-15,2020, 2:12 PM,Credit/Debit card,99.99,11000,United States,,,,
97,Jul-02,2020, 7:38 PM,Credit/Debit card,19.99,2050,United States,,,,
97,Jul-22,2020, 3:54 PM,Credit/Debit card,109.74,11000,United States,,,,
97,Jul-22,2020, 3:54 PM,Credit/Debit card,10.96,1000,United States,,,,
97,Jul-22,2020, 3:54 PM,Credit/Debit card,5.48,475,United States,,,,
97,Jul-22,2020, 3:54 PM,Credit/Debit card,21.94,2050,United States,,,,
97,Jul-31,2020, 7:01 PM,Credit/Debit card,38.4,3650,United States,,,,
97,Aug-04,2020, 1:12 PM,Credit/Debit card,109.74,11000,United States,,,,
97,Aug-04,2020, 1:12 PM,Credit/Debit card,54.86,5350,United States,,,,
97,Aug-18,2020, 8:12 PM,Credit/Debit card,10.96,1000,United States,,,,
97,Aug-21,2020, 4:04 PM,Credit/Debit card,109.74,11000,United States,,,,
97,Sep-17,2020, 4:04 PM,Credit/Debit card,10.96,1000,United States,,,,
97,Oct-13,2020, 12:13 PM,Credit/Debit card,54.86,5350,United States,,,,
97,Oct-15,2020, 7:00 PM,Credit/Debit card,38.4,3650,United States,,,,
97,Oct-15,2020, 7:00 PM,Credit/Debit card,21.94,2050,United States,,,,
97,Oct-20,2020, 5:06 PM,Credit/Debit card,21.94,2050,United States,,,,
97,Oct-20,2020, 5:06 PM,Credit/Debit card,10.96,1000,United States,,,,
97,Oct-22,2020, 9:00 PM,Credit/Debit card,38.4,3650,United States,,,,
97,Oct-22,2020, 9:00 PM,Credit/Debit card,10.96,1000,United States,,,,
97,Oct-28,2020, 7:00 PM,Credit/Debit card,21.94,2050,United States,,,,
97,Nov-03,2020, 4:13 PM,Credit/Debit card,109.74,11000,United States,,,,
97,Nov-03,2020, 4:13 PM,Credit/Debit card,21.94,3650,United States,,,,
97,Dec-21,2020, 12:55,Credit/Debit card,54.86,5350,United States,,,,
97,Dec-21,2020, 12:55,Credit/Debit card,10.96,1000,United States,,,,
97,Dec-21,2020, 12:55,Credit/Debit card,10.96,1000,United States,,,,
97,Dec-31,2020, 12:55,Credit/Debit card,109.74,11000,United States,,,,
97,Jan-01,2021, 3:12 PM,Credit/Debit card,10.96,1000,United States,,,,
97,Jan-01,2021, 3:12 PM,Credit/Debit card,10.96,1000,United States,,,,
97,Jan-01,2021, 3:12 PM,Credit/Debit card,21.94,2050,United States,,,,
97,Jan-08,2021, 5:11 PM,Credit/Debit card,54.86,5350,United States,,,,
97,Jan-12,2021, 1:01 PM,Credit/Debit card,109.74,11000,United States,,,,
97,Feb-02,2021, 12:40 PM,Credit/Debit card,109.74,11000,United States,,,,
97,Feb-03,2021, 2:09 PM,Credit/Debit card,109.74,11000,United States,,,,
97,Feb-18,2021, 4:04 PM,Credit/Debit card,109.74,11000,United States,,,,
97,Feb-25,2021, 4:59 PM,Credit/Debit card,38.4,3650,United States,,,,
97,Mar-02,2021, 12:11 PM,Credit/Debit card,109.74,11000,United States,,,,
97,Mar-28,2021, 8:26 PM,Credit/Debit card,10.96,1000,United States,,,,
97,Apr-01,2021, 4:02 PM,Credit/Debit card,109.74,11000,United States,,,,
97,Apr-17,2021, 2:24 PM,Credit/Debit card,109.74,11000,United States,,,,
97,Apr-27,2021, 3:06 PM,Credit/Debit card,109.74,11000,United States,,,,
97,Apr-27,2021, 3:06 PM,Credit/Debit card,109.74,11000,United States,,,,
97,May-15,2021, 7:13 PM,Credit/Debit card,109.74,11000,United States,,,,
97,May-26,2021, 4:47 PM,Credit/Debit card,109.74,11000,United States,,,,
97,Jun-03,2021, 7:48 PM,Credit/Debit card,109.74,11000,United States,,,,
97,Jun-09,2021, 4:10 PM,Credit/Debit card,109.74,11000,United States,,,,
97,Jun-22,2021, 12:37 PM,Credit/Debit card,109.74,11000,United States,,,,
97,Jun-23,2021, 1:04 PM,Credit/Debit card,109.74,11000,United States,,,,
97,Aug-10,2021, 9:06 PM,Credit/Debit card,109.74,11000,United States,,,,
97,Aug-23,2021, 1:47 PM,Credit/Debit card,109.74,11000,United States,,,,
97,Aug-26,2021, 2:47 PM,Credit/Debit card,109.74,11000,United States,,,,
97,Sep-08,2021, 9:53 AM,Credit/Debit card,109.74,11000,United States,,,,
97,Sep-08,2021, 9:53 AM,Credit/Debit card,109.74,11000,United States,,,,
97,Oct-06,2021, 4:50 PM,Credit/Debit card,109.74,11000,United States,,,,
97,Oct-06,2021, 4:50 PM,Credit/Debit card,109.74,11000,United States,,,,
97,Nov-05,2021, 4:31 PM,Credit/Debit card,54.86,5350,United States,,,,
97,Nov-20,2021, 2:10 PM,Credit/Debit card,54.86,5350,United States,,,,
97,Nov-20,2021, 2:10 PM,Credit/Debit card,5.48,475,United States,,,,
97,Nov-24,2021, 4:21 PM,Credit/Debit card,109.74,11000,United States,,,,
97,Jan-05,2022, 3:34 AM,Credit/Debit card,109.74,11000,United States,,,,
97,Jan-10,2022, 4:01 PM,Credit/Debit card,109.74,11000,United States,,,,
98,Jun-04,2020, 4:57 PM,codashop,100000,925,Indonesia,100.00%,,1,
98,Jul-27,2020, 8:23 AM,codashop,200000,1850,Indonesia,,,,
98,Aug-05,2020, 9:07 AM,codashop,150000,1375,Indonesia,,,,
98,Aug-07,2020, 7:49 PM,codashop,150000,1375,Indonesia,,,,
98,Aug-07,2020, 7:49 PM,codashop,50000,420,Indonesia,,,,
98,Sep-25,2020, 7:09 AM,codapay-ovo,359000,3500,Indonesia,,,,
98,Oct-09,2020, 8:23 AM,codashop,250000,2400,Indonesia,,,,
98,Oct-17,2020, 12:29 AM,codashop,80000,700,Indonesia,,,,
98,Nov-04,2020, 4:18 PM,codashop,150000,1375,Indonesia,,,,
98,Nov-04,2020, 4:18 PM,codashop,50000,420,Indonesia,,,,
98,Dec-11,2020, 9:06 AM,codashop,400000,4000,Indonesia,,,,
98,Jan-20,2021, 7:27 AM,codapay-ovo,219000,2200,Indonesia,,,,
98,Feb-03,2021, 7:34 AM,codashop,80000,700,Indonesia,,,,
98,Feb-03,2021, 7:34 AM,codashop,800000,8150,Indonesia,,,,
98,Feb-26,2021, 5:31 AM,codapay-ovo,45000,400,Indonesia,,,,
98,Feb-27,2021, 10:11 AM,codapay-ovo,45000,400,Indonesia,,,,
98,Mar-03,2021, 9:11 AM,codashop,35,1125,Malaysia,,,,
98,Mar-12,2021, 10:49 AM,codashop,200,7000,Malaysia,,,,
98,May-03,2021, 11:35 AM,codashop,100,3400,Malaysia,,,,
98,Jun-03,2021, 9:48 AM,codashop,50,1650,Malaysia,,,,
98,Jun-03,2021, 9:48 AM,codashop,20,625,Malaysia,,,,
98,Jun-22,2021, 11:22 AM,codashop,200,7000,Malaysia,,,,
99,Jul-07,2022, 3:59 PM,payon-primeiro-boleto,39.9,1120,Brazil,,,1,
99,Jul-12,2022, 2:39 PM,payon-primeiro-boleto,349.9,9830,Brazil,,,,
99,Aug-10,2022, 9:20 PM,payon-primeiro-boleto,169.9,4780,Brazil,,,,
99,Aug-10,2022, 9:22 PM,payon-primeiro-boleto,39.9,1120,Brazil,,,,
100,May-14,2020, 9:03 PM,Credit/Debit card,104.9,2900,Brazil,,,1,
100,May-15,2020, 8:48PM,Credit/Debit card,29.9,840,Brazil,,,,
100,May-16,2020, 7:03PM,Credit/Debit card,149.9,4780,Brazil,,,,
100,May-18,2020, 8:21 PM,Credit/Debit card,59.9,1700,Brazil,,,,
100,Jun-08,2020, 8:58 PM,Credit/Debit card,14.9,400,Brazil,,,,
100,Jul-10,2020, 8:11 PM,Credit/Debit card,149.9,4780,Brazil,,,,
101,Jan-12,2021, 8:23 PM,Credit/Debit card,59.9,1700,Brazil,,,1,
101,Mar-02,2021, 4:57 PM,Credit/Debit card,29.9,840,Brazil,,,,
101,Mar-26,2021, 1:56 PM,Credit/Debit card,104.9,2900,Brazil,,,,
101,Mar-31,2021, 11:42 PM,Credit/Debit card,59.9,1700,Brazil,,,,
101,Apr-14,2021, 9:29 PM,Credit/Debit card,104.9,2900,Brazil,,,,
101,May-12,2021, 11:24 AM,Credit/Debit card,59.9,1700,Brazil,,,,
101,Jul-05,2021, 9:17 AM,Credit/Debit card,59.9,1700,Brazil,,,,
101,Jul-05,2021, 9:26 AM,Credit/Debit card,29.9,840,Brazil,,,,
101,Jul-06,2021, 10:26 AM,Credit/Debit card,104.9,2900,Brazil,,,,
101,Jul-31,2021, 9:38 PM,Credit/Debit card,59.9,1700,Brazil,,,,
101,Aug-02,2021, 10:46 AM,Credit/Debit card,14.9,400,Brazil,,,,
102,Jul-17,2020, 2:04 PM,payon-primeiro-boleto,29.9,840,Brazil,,,1,
102,Aug-05,2020, 2:15 PM,Credit/Debit card,29.9,840,Brazil,,,,
102,Aug-24,2020, 4:48 PM,Credit/Debit card,29.9,840,Brazil,,,,
102,Aug-24,2020, 5:29 PM,Credit/Debit card,29.9,840,Brazil,,,,
102,Sep-10,2020, 4:56 PM,payon-primeiro-boleto,59.9,1700,Brazil,,,,
102,Sep-22,2020, 3:32 PM,Credit/Debit card,14.9,400,Brazil,,,,
102,Oct-26,2020, 2:32 PM,payon-primeiro-boleto,29.9,840,Brazil,,,,
102,Dec-23,2020, 1:13 PM,Credit/Debit card,29.9,840,Brazil,,,,
102,Dec-23,2020, 1:13 PM,Credit/Debit card,14.9,400,Brazil,,,,
102,Jan-27,2021, 12:53 PM,Credit/Debit card,59.9,1700,Brazil,,,,
102,Jan-27,2021, 12:53 PM,Credit/Debit card,29.9,840,Brazil,,,,
102,Mar-06,2021, 1:58 AM,Credit/Debit card,149.9,4780,Brazil,,,,
102,Jun-05,2021, 1:28 AM,Credit/Debit card,29.9,840,Brazil,,,,
102,Aug-16,2021, 8:18 PM,Credit/Debit card,29.9,840,Brazil,,,,
102,Aug-28,2021, 12:32 PM,Credit/Debit card,104.9,2900,Brazil,,,,
103,Jun-03,2020, 1:43 PM,payon-primeiro-boleto,29.9,840,Brazil,,,1,
103,Jun-03,2020, 1:43 PM,payon-primeiro-boleto,149.9,4780,Brazil,,,,
103,Jul-09,2020, 5:00 PM,payon-primeiro-boleto,149.9,4780,Brazil,,,,
103,Jul-10,2020, 6:29 PM,Credit/Debit card,29.9,840,Brazil,,,,
103,Jul-23,2020, 9:12 AM,payon-primeiro-boleto,149.9,4780,Brazil,,,,
103,Jul-28,2020, 7:13 PM,payon-primeiro-boleto,14.9,400,Brazil,,,,
103,Aug-07,2020, 11:03 PM,payon-primeiro-boleto,14.9,400,Brazil,,,,
103,Aug-08,2020, 9:09 PM,Credit/Debit card,59.9,1700,Brazil,,,,
104,Feb-14,2021, 2:01 PM,codashop,128.98,10500,Singapore,,,1,
104,Mar-10,2021, 2:14 PM,codashop,25.98,1975,Singapore,,,,
104,Apr-21,2021, 4:31 PM,codashop,45.98,3550,Singapore,,,,
104,Jul-30,2021, 5:09 PM,codashop,12.98,975,Singapore,,,,
104,Oct-21,2021, 9:34 AM,codashop,25.98,1975,Singapore,,,,
104,Dec-02,2021, 5:22 PM,Credit/Debit card,45.98,3550,Singapore,,,,
104,Jan-25,2022, 10:03 AM,Credit/Debit card,25.98,1975,Singapore,,,,
104,Jul-27,2022, 11:56 AM,codashop,25.98,1975,Singapore,,,,
104,Oct-19,2022, 8:59 AM,codashop,128.98,10500,Singapore,,,,
105,Aug-19,2021, 12:55 AM,paypalrest,25.98,1975,Singapore,,,1,
105,Aug-25,2021, 4:42 PM,paypalrest,12.98,975,Singapore,,,,
105,Sep-01,2021, 7:07 PM,paypalrest,88.98,7000,Singapore,,,,
105,Sep-02,2021, 7:44 PM,paypalrest,12.98,975,Singapore,,,,
105,Sep-02,2021, 7:44 PM,paypalrest,6.98,500,Singapore,,,,
105,Sep-18,2021, 10:47 AM,paypalrest,45.98,3550,Singapore,,,,
105,Sep-21,2021, 12:21 PM,codashop,45.98,3550,Singapore,,,,
105,Sep-21,2021, 12:21 PM,codashop,25.98,1975,Singapore,,,,
106,Sep-23,2021, 12:30 AM,Credit/Debit card,45.98,3550,Singapore,,,1,
106,Oct-05,2021, 6:00 PM,Credit/Debit card,25.98,1975,Singapore,,,,
106,Oct-30,2021, 11:09 PM,Credit/Debit card,25.98,1975,Singapore,,,,
106,Nov-22,2021, 11:11 PM,Credit/Debit card,45.98,3550,Singapore,,,,
106,Mar-06,2022, 1:11 AM,Credit/Debit card,88.98,7000,Singapore,,,,
106,Aug-21,2022, 5:39 PM,Credit/Debit card,88.98,7000,Singapore,,,,
107,Jun-04,2021, 11:50 AM,codashop,600,1650,Philippines,,,1,
107,Jun-04,2021, 11:50 AM,codashop,50,125,Philippines,,,,
107,Jul-04,2021, 2:10 PM,codashop,600,1650,Philippines,,,,
107,Jul-04,2021, 2:10 PM,codashop,50,125,Philippines,,,,
107,Jul-04,2021, 2:10 PM,codashop,50,125,Philippines,,,,
107,Sep-01,2021, 9:58 PM,codashop,600,1650,Philippines,,,,
107,Feb-27,2022, 9:01 PM,codashop,300,790,Philippines,,,,
107,Feb-27,2022, 9:01 PM,codashop,50,125,Philippines,,,,
107,Feb-27,2022, 9:01 PM,codashop,50,125,Philippines,,,,
107,May-21,2022, 10:00 PM,codashop,600,1650,Philippines,,,,
107,May-21,2022, 10:00 PM,codashop,300,790,Philippines,,,,
107,Jul-22,2022, 10:15 AM,codashop,600,1650,Philippines,,,,
107,Jul-22,2022, 10:15 AM,codashop,50,125,Philippines,,,,
108,Oct-28,2020, 2:25 PM,codashop,88.98,7000,Singapore,,,1,
108,Oct-18,2021, 1:51 PM,Riot Access Code,12.98,975,Singapore,,,,
108,Oct-18,2021, 1:52 PM,Riot Access Code,6.98,500,Singapore,,,,
108,Oct-18,2021, 4:09 PM,Riot Access Code,6.98,500,Singapore,,,,
108,Nov-05,2021, 8:38 AM,Riot Access Code,45.98,3550,Singapore,,,,
108,Nov-28,2021, 5:38 PM,Riot Access Code,25.98,1975,Singapore,,,,
108,Nov-28,2021, 5:39 PM,Riot Access Code,12.98,975,Singapore,,,,
108,Nov-28,2021, 5:46 PM,Riot Access Code,6.98,500,Singapore,,,,
108,Jan-26,2022, 8:53 PM,Riot Access Code,12.98,975,Singapore,,,,
109,Jul-29,2021,12:11 pm,codashop,10,300,Malaysia,,,1,
109,Jul-29,2021,12:15 pm,codashop,20,625,Malaysia,,,,
109,Jul-29,2021,12:40 pm,codashop,20,625,Malaysia,,,,
109,Jul-30,2021,10:34 pm,codashop,20,625,Malaysia,,,,
109,Jul-30,2021,10:35 pm,codashop,20,625,Malaysia,,,,
109,Jul-30,2021,10:36 pm,codashop,20,625,Malaysia,,,,
109,Jul-30,2021,10:36 pm,codashop,20,625,Malaysia,,,,
109,Aug-14,2021,10:10 am,codashop,20,625,Malaysia,,,,
109,Aug-14,2021,10:10 am,codashop,50,1650,Malaysia,,,,
109,Aug-14,2021,10:14 am,codashop,10,300,Malaysia,,,,
109,Aug-16,2021,9:05 am,codashop,50,1650,Malaysia,,,,
109,Aug-23,2021,9:38 am,codashop,50,1650,Malaysia,,,,
109,Aug-23,2021,9:40 am,codashop,10,300,Malaysia,,,,
109,Aug-30,2021,12:45 pm,codashop,50,1650,Malaysia,,,,
109,Sep-02,2021,10:22 am,codashop,50,1650,Malaysia,,,,
109,Nov-06,2021,3:02 pm,codashop,50,1650,Malaysia,,,,
109,Mar-06,2022,9:57 am,codashop,10,300,Malaysia,,,,
109,Mar-06,2022,10:48 am,codashop,50,1650,Malaysia,,,,
110,May-09,2021,8:09 pm,codashop,12.98,975,Singapore,,,1,
110,May-09,2021,9:02 pm,Credit/Debit card,6.98,500,Singapore,,,,
110,May-23,2021,5:57 pm,Credit/Debit card,6.98,500,Singapore,,,,
110,Jun-12,2021,11:26 pm,Credit/Debit card,25.98,1975,Singapore,,,,
110,Jun-26,2021,9:01 pm,Credit/Debit card,6.98,500,Singapore,,,,
111,Jul-09,2021,11:11 am,codapay-touchngo,199.9,6750,Malaysia,,,1,
111,Jul-09,2021,11:12 am,codapay-touchngo,39.9,1250,Malaysia,,,,
111,Jul-09,2021,11:13 am,codapay-touchngo,12.9,375,Malaysia,,,,
111,Jul-09,2021,11:16 am,codapay-touchngo,19.9,600,Malaysia,,,,
111,Jul-09,2021,12:56 pm,codapay-touchngo,104.9,3400,Malaysia,,,,
111,Jul-22,2021,8:38 am,codapay-touchngo,104.9,3400,Malaysia,,,,
111,Jul-25,2021,11:46 am,codapay-touchngo,39.9,1250,Malaysia,,,,
111,Sep-03,2021,2:41 pm,codapay-touchngo,59.9,1900,Malaysia,,,,
111,Sep-09,2021,5:40 pm,codapay-touchngo,59.9,1900,Malaysia,,,,
112,Feb-04,2021,9:05 pm,codashop,50,1650,Malaysia,,,1,
112,Feb-04,2021,9:07 pm,codashop,20,625,Malaysia,,,,
112,Feb-06,2021,7:52 pm,codashop,200,7000,Malaysia,,,,
112,Apr-29,2021,4:48 pm,codashop,20,625,Malaysia,,,,
112,Jun-02,2021,6:59 pm,codashop,50,1650,Malaysia,,,,
112,Jun-02,2021,6:59 pm,codashop,20,625,Malaysia,,,,
112,Jun-11,2021,2:23 am,codashop,100,3400,Malaysia,,,,
112,Jul-03,2021,11:01 pm,codashop,100,3400,Malaysia,,,,
112,Aug-26,2021,11:02 pm,codashop,200,7000,Malaysia,,,,
112,Feb-21,2022,11:25 pm,codashop,35,1125,Malaysia,,,,
112,May-30,2022,9:39 pm,codashop,100,3400,Malaysia,,,,
113,Aug-05,2020,11:50 pm,codashop,35,1125,Malaysia,,,1,
113,Sep-25,2020,2:15 am,codashop,20,625,Malaysia,,,,
113,Sep-25,2020,2:16 am,codashop,10,300,Malaysia,,,,
113,Oct-05,2020,3:39 pm,codashop,50,1650,Malaysia,,,,
113,Dec-12,2020,10:48 pm,codashop,50,1650,Malaysia,,,,
113,Sep-20,2021,10:23 pm,codashop,20,625,Malaysia,,,,
113,Oct-17,2021,11:06 pm,codashop,50,1650,Malaysia,,,,
113,Jan-13,2022,12:56 am,codashop,35,1125,Malaysia,,,,
113,Apr-08,2022,3:14 pm,codashop,10,300,Malaysia,,,,
113,Apr-08,2022,3:15 pm,codashop,50,1650,Malaysia,,,,
113,Apr-08,2022,3:29 pm,codashop,10,300,Malaysia,,,,
114,Apr-27,2021,10:34 am,codashop,50,1650,Malaysia,,,1,
114,Apr-27,2021,11:50 am,codashop,10,300,Malaysia,,,,
114,Jul-10,2021,8:05 pm,codashop,10,300,Malaysia,,,,
114,Jul-31,2021,11:21 am,codashop,10,300,Malaysia,,,,
114,Jul-31,2021,11:23 am,codashop,50,1650,Malaysia,,,,
114,Aug-03,2021,2:54 pm,codashop,35,1125,Malaysia,,,,
114,Aug-11,2021,3:54 pm,codashop,50,1650,Malaysia,,,,
114,Aug-11,2021,3:49 pm,codashop,20,625,Malaysia,,,,
114,Aug-14,2021,11:46 pm,codashop,50,1650,Malaysia,,,,
114,Aug-26,2021,4:02 pm,codashop,100,3400,Malaysia,,,,
114,Sep-23,2021,12:47 pm,codashop,35,1125,Malaysia,,,,
114,Sep-30,2021,4:19 pm,codashop,10,300,Malaysia,,,,
114,Nov-30,2021,6:43 pm,codashop,50,1650,Malaysia,,,,
115,Jan-19,2021,12:58 pm,Credit/Debit card,59.9,1900,Malaysia,,,1,
115,Feb-26,2021,6:34 pm,Credit/Debit card,12.9,375,Malaysia,,,,
115,Mar-18,2021,6:22 pm,Credit/Debit card,59.9,1900,Malaysia,,,,
115,Mar-18,2021,6:22 pm,Credit/Debit card,19.9,600,Malaysia,,,,
115,Apr-30,2021,6:07 pm,Credit/Debit card,19.9,600,Malaysia,,,,
115,Jun-14,2021,6:20 pm,Credit/Debit card,19.9,600,Malaysia,,,,
115,Jun-14,2021,6:20 pm,Credit/Debit card,12.9,375,Malaysia,,,,
115,Jul-05,2021,10:59 pm,Credit/Debit card,19.9,600,Malaysia,,,,
115,Jul-05,2021,10:59 pm,Credit/Debit card,12.9,375,Malaysia,,,,
116,Nov-17,2020,11:39 pm,Riot gift card,10,1000,Europe,,,1,
116,Mar-01,2021,6:22 pm,Riot PIN code,10,1000,Europe,,,,
116,Apr-19,2021,11:51 pm,Riot PIN code,10,1000,Europe,,,,
117,Jan-10,2021,7:01 pm,codashop,749,2100,Philippines,,,1,
117,Jan-10,2021,7:02 pm,codashop,149,375,Philippines,,,,
117,Jan-13,2021,11:57 pm,codashop,499,1350,Philippines,,,,
117,Apr-04,2021,7:49 pm,Credit/Debit card,749,2100,Philippines,,,,
117,Apr-10,2021,8:53 am,Credit/Debit card,1250,3600,Philippines,,,,
117,Apr-10,2021,5:26 pm,codashop,150,380,Philippines,,,,
117,Apr-13,2021,1:19 pm,codashop,300,790,Philippines,,,,
117,Apr-13,2021,1:28 pm,codashop,150,380,Philippines,,,,
117,Apr-13,2021,2:08 pm,codashop,300,790,Philippines,,,,
117,Apr-13,2021,2:08 pm,codashop,50,125,Philippines,,,,
117,Apr-13,2021,2:09 pm,codashop,50,125,Philippines,,,,
117,Apr-13,2021,11:08 pm,codashop,600,1650,Philippines,,,,
117,Apr-17,2021,8:12 pm,codashop,300,790,Philippines,,,,
117,Apr-18,2021,7:03 pm,codashop,600,1650,Philippines,,,,
117,Apr-28,2021,3:47 pm,codashop,300,790,Philippines,,,,
117,Apr-28,2021,3:48 pm,codashop,300,790,Philippines,,,,
117,Apr-28,2021,3:49 pm,codashop,50,125,Philippines,,,,
117,Apr-28,2021,3:49 pm,codashop,150,380,Philippines,,,,
117,Apr-28,2021,3:49 pm,codashop,50,125,Philippines,,,,
117,Apr-29,2021,10:42 pm,codashop,300,790,Philippines,,,,
117,Apr-29,2021,10:43 pm,codashop,50,125,Philippines,,,,
117,Apr-29,2021,10:43 pm,codashop,50,125,Philippines,,,,
118,Aug-03,2020,11:17 am,codapay-touchngo,59.9,1900,Malaysia,,,1,
118,Aug-05,2020,10:32 am,codapay-touchngo,39.9,1250,Malaysia,,,,
118,Aug-17,2020,11:10 am,codapay-touchngo,39.9,1250,Malaysia,,,,
118,Sep-27,2020,8:39 am,codapay-touchngo,19.9,600,Malaysia,,,,
118,Oct-01,2020,9:39 am,codapay-touchngo,59.9,1900,Malaysia,,,,
118,Oct-15,2020,11:55 am,codapay-touchngo,39.9,1250,Malaysia,,,,
118,Nov-29,2020,12:11 pm,codapay-touchngo,59.9,1900,Malaysia,,,,
118,Dec-05,2020,12:08 pm,codapay-touchngo,19.9,600,Malaysia,,,,
118,Dec-11,2020,8:53 am,codapay-touchngo,104.9,3400,Malaysia,,,,
118,Dec-24,2020,9:56 pm,codapay-touchngo,12.9,375,Malaysia,,,,
118,Feb-05,2021,12:31 pm,codapay-touchngo,199.9,6750,Malaysia,,,,
118,Feb-05,2021,12:37 pm,codapay-touchngo,39.9,1250,Malaysia,,,,
118,Feb-05,2021,12:40 pm,codapay-touchngo,39.9,1250,Malaysia,,,,
118,Feb-20,2021,1:08 pm,codapay-touchngo,19.9,600,Malaysia,,,,
119,Nov-18,2020,12:19 am,Credit/Debit card,39.9,1250,Malaysia,,,1,
119,Dec-01,2020,8:14 pm,Credit/Debit card,59.9,1900,Malaysia,,,,
119,Dec-17,2020,10:06 pm,codapay-touchngo,104.9,3400,Malaysia,,,,
119,Mar-03,2021,6:42 pm,codashop,200,7000,Malaysia,,,,
119,Mar-18,2021,7:49 pm,Credit/Debit card,12.9,375,Malaysia,,,,
119,Aug-26,2021,4:37 pm,codapay-touchngo,104.9,3400,Malaysia,,,,
119,Oct-27,2021,12:30 pm,codapay-touchngo,59.9,1900,Malaysia,,,,
119,Jan-17,2022,9:36 pm,codashop,35,1125,Malaysia,,,,
